TransactionID,TransactionDT,TransactionAmt,ProductCD,card1,card2,card3,card4,card5,card6,addr1,addr2,dist1,dist2,P_emaildomain,R_emaildomain,C1,C2,C3,C4,C5,C6,C7,C8,C9,C10,C11,C12,C13,C14,D1,D2,D3,D4,D5,D6,D7,D8,D9,D10,D11,D12,D13,D14,D15,M1,M2,M3,M4,M5,M6,M7,M8,M9,V1,V2,V3,V4,V5,V6,V7,V8,V9,V10,V11,V12,V13,V14,V15,V16,V17,V18,V19,V20,V21,V22,V23,V24,V25,V26,V27,V28,V29,V30,V31,V32,V33,V34,V35,V36,V37,V38,V39,V40,V41,V42,V43,V44,V45,V46,V47,V48,V49,V50,V51,V52,V53,V54,V55,V56,V57,V58,V59,V60,V61,V62,V63,V64,V65,V66,V67,V68,V69,V70,V71,V72,V73,V74,V75,V76,V77,V78,V79,V80,V81,V82,V83,V84,V85,V86,V87,V88,V89,V90,V91,V92,V93,V94,V95,V96,V97,V98,V99,V100,V101,V102,V103,V104,V105,V106,V107,V108,V109,V110,V111,V112,V113,V114,V115,V116,V117,V118,V119,V120,V121,V122,V123,V124,V125,V126,V127,V128,V129,V130,V131,V132,V133,V134,V135,V136,V137,V138,V139,V140,V141,V142,V143,V144,V145,V146,V147,V148,V149,V150,V151,V152,V153,V154,V155,V156,V157,V158,V159,V160,V161,V162,V163,V164,V165,V166,V167,V168,V169,V170,V171,V172,V173,V174,V175,V176,V177,V178,V179,V180,V181,V182,V183,V184,V185,V186,V187,V188,V189,V190,V191,V192,V193,V194,V195,V196,V197,V198,V199,V200,V201,V202,V203,V204,V205,V206,V207,V208,V209,V210,V211,V212,V213,V214,V215,V216,V217,V218,V219,V220,V221,V222,V223,V224,V225,V226,V227,V228,V229,V230,V231,V232,V233,V234,V235,V236,V237,V238,V239,V240,V241,V242,V243,V244,V245,V246,V247,V248,V249,V250,V251,V252,V253,V254,V255,V256,V257,V258,V259,V260,V261,V262,V263,V264,V265,V266,V267,V268,V269,V270,V271,V272,V273,V274,V275,V276,V277,V278,V279,V280,V281,V282,V283,V284,V285,V286,V287,V288,V289,V290,V291,V292,V293,V294,V295,V296,V297,V298,V299,V300,V301,V302,V303,V304,V305,V306,V307,V308,V309,V310,V311,V312,V313,V314,V315,V316,V317,V318,V319,V320,V321,V322,V323,V324,V325,V326,V327,V328,V329,V330,V331,V332,V333,V334,V335,V336,V337,V338,V339,id_01,id_02,id_03,id_04,id_05,id_06,id_07,id_08,id_09,id_10,id_11,id_12,id_13,id_14,id_15,id_16,id_17,id_18,id_19,id_20,id_21,id_22,id_23,id_24,id_25,id_26,id_27,id_28,id_29,id_30,id_31,id_32,id_33,id_34,id_35,id_36,id_37,id_38,DeviceType,DeviceInfo
2987000,205022,6.0,R,11128,346.3,164.8,discover,467.7,debit,113.7,42.3,,,hotmail.com,anonymous.com,13.0,10.0,11.0,10.0,16.0,17.0,5.0,12.0,15.0,4.0,7.0,1.0,5.0,5.0,315.9,326.9,101.3,559.7,554.6,273.3,,407.6,,329.6,,235.8,,,,,,,M1,F,F,,,,1.3,4.9,,,,,4.4,1.3,,,,,,,,,0.6,,1.0,,,3.4,0.6,,0.2,,,,,4.1,,,,,,3.0,,,,0.3,1.7,,,,,,1.9,,,,3.0,,,,,0.1,,3.3,4.8,,,,,,,,,,,,,,4.4,,,1.0,,0.2,,2.2,4.4,0.1,,0.2,,0.8,1.4,,,,,,,1.3,2.7,2.9,,,,,,,,0.3,,,,,,,,,,2.7,,,,1.6,,,2.2,,2.6,3.5,,3.8,2.4,,,,,,0.5,,,,3.4,,,,1.2,0.5,,,,,,,,,2.7,3.1,,,1.7,,,,,,1.2,,,,,1.0,,3.2,,,2.9,,1.4,,,,,,,,,,,,,,3.2,4.7,,,,2.4,,,,,,,,,2.2,2.1,,1.8,4.7,2.4,,4.0,,,,,3.7,,,4.1,,1.9,,1.2,,,,2.5,,,,2.4,,,,,,,1.4,,,,,,4.4,,1.5,3.6,,0.7,,0.9,4.0,,,,4.9,,,,,,,2.4,,,,4.6,,4.6,,,,,,2.1,,,,,,,,,,,4.2,,,,,,,,2.6,,,0.6,,,,2.5,,,,0.0,,4.9,2.5,2.3,,3.8,3.6,1.7,,,,1.0,1.3,,,,,,,1.8,,,,,,0.6,,2.4,,,,,,,,,,,,,,,,,,,,,,,,,,,,,,,,,,,,,,,,,,,,,,,,,
2987001,236734,7.37,H,8082,302.4,105.5,discover,326.7,credit,427.5,19.8,2042.1,,gmail.com,,8.0,10.0,17.0,4.0,10.0,5.0,16.0,13.0,18.0,9.0,16.0,11.0,18.0,17.0,517.6,551.2,,,,,,,178.4,208.3,395.7,,259.6,,12.7,T,F,T,M2,T,F,T,T,,,,,,,,,,,,4.6,0.4,,,2.4,,,,,,3.1,,,3.4,,1.3,2.2,,,,0.7,,3.2,,,1.1,,1.3,3.6,,,,,,0.6,,,,0.8,,,,4.0,,,,,,,,,,,,3.2,,1.4,,,4.7,,,,,2.6,0.1,,4.8,1.4,,,,,3.9,2.4,,,,,,,,,,,,,,,,,,,2.1,,,3.0,,,3.2,,,,0.3,,,,0.3,,,,,,2.9,3.7,4.1,,0.5,3.0,0.6,,3.7,3.9,2.7,2.5,2.4,,1.2,0.8,,,,4.8,,2.9,2.4,,,2.0,,,,1.0,,,1.9,4.4,,,,,,,3.3,,,,4.5,,,3.3,1.4,,3.2,2.6,,1.1,0.2,,,2.7,,4.6,4.3,,0.4,0.9,,,,,,,,,4.8,,,,,,1.8,4.3,0.1,3.6,,,2.8,3.1,,,,,,1.9,1.4,,,,,5.0,0.6,,,,,0.0,2.0,,,3.2,,,,,,,0.4,,,3.7,,,,,2.8,,,,,,,,,0.9,3.3,,,0.7,,,,,3.0,,,,2.2,,,,,,,,,,,,,1.3,4.8,0.1,,,2.9,,,,,4.8,,2.1,3.7,2.9,,,,,1.5,,,4.5,,,,4.7,,,,,,,,,,,,,,0.1,,0.2,,1.7,4.4,,1.5,,2.5,,,,4.5,,0.2,,4.3,1.8,,,,,,,,,,,,,,,,,,,,,,,,,,,,,,,,,,,,,,,,
2987002,305503,176.2,S,15606,527.1,571.0,discover,172.6,credit,246.1,86.2,,,hotmail.com,yahoo.com,11.0,9.0,9.0,16.0,10.0,16.0,14.0,7.0,3.0,2.0,16.0,4.0,17.0,4.0,,110.7,294.6,,382.8,,296.7,,177.3,581.2,494.4,,169.1,,505.2,,,F,M2,F,T,,,T,,0.8,,,0.8,,3.4,1.8,,,,,,,3.5,0.2,,0.3,,4.0,,,,0.2,4.8,,,,,,2.3,,,4.4,4.0,4.5,,,1.7,,,,1.2,,,,,1.6,,1.7,,3.2,,,0.2,,,0.4,,,,,,,,,,,,0.4,,,,,,,,,2.2,,1.0,4.7,,,2.1,1.7,,,1.2,,1.1,,,,,3.9,4.3,,,,,,,0.9,2.9,2.2,,,,,1.3,,,,4.7,,,3.8,,,,,,,0.2,,,,,,,,,,,,,,,,,,,,,,,,,,,2.8,,,,,,3.0,,,,,4.5,,,,4.6,2.4,,,4.9,4.6,4.1,,0.8,,,,,,,,,3.7,,,,,,2.2,,,,1.7,4.5,,,,2.4,2.1,0.6,,0.1,,4.1,3.0,4.1,,,,,1.1,0.7,,,,,,,,,,,,,1.8,,,,,,3.3,,3.2,,,,,,,,,,,3.3,,,1.1,1.1,,,,,,,,1.8,,,,,4.7,,,1.4,,4.0,,1.7,3.6,,4.1,1.9,1.8,0.9,,,0.1,3.8,,,,,1.3,,1.4,,,1.6,,4.1,0.5,,,,,,,,,,,,,1.9,,4.5,,0.7,,0.7,,,,,,,0.1,,,,,,2.9,,,,,,0.9,,,,3.6,,3.0,,,,,,,,,,,,,,,,,,,,,,,,,,,,,,,,,,,,,,,,,,,
2987003,403381,43.96,W,2223,487.4,157.1,discover,236.6,debit,117.1,76.1,,,yahoo.com,,2.0,10.0,0.0,4.0,16.0,7.0,17.0,6.0,13.0,12.0,7.0,19.0,5.0,18.0,,,446.7,,346.2,2.1,185.5,,587.2,597.0,,539.2,21.5,,209.0,,,F,M2,T,,T,F,,,2.5,,,,3.8,,1.9,,0.8,,,,3.5,,2.9,,,,,,,2.2,3.9,,,,,,,,,,,,0.2,0.1,,,,,,,,,,,4.4,,0.3,,1.5,1.9,,0.8,,,,3.7,,,0.9,,4.0,2.2,,,,,,,,,,,,,1.5,4.6,,,3.6,,,,0.4,1.4,,2.3,1.0,,2.5,,,,,,1.9,,,,,,,4.3,,,4.8,,,,3.4,,,,,,,,,,3.1,3.8,,,,,,,4.1,,,,,3.7,,0.4,,,,,,,,,,,,,,,,,,,,,3.6,1.4,0.2,3.4,,,3.7,,,4.0,,,,0.9,,,,0.8,3.9,4.0,,,,0.8,,2.8,,0.7,,4.4,2.8,,,2.6,1.6,,,,,,4.4,,,1.0,,,4.9,,1.2,,,,,,3.8,,,,4.3,,,,,,,0.4,4.0,,,2.0,,,,2.9,,1.7,,,,,3.7,3.7,,,4.6,,4.6,,,1.6,,1.2,0.8,1.3,,,,4.7,,4.6,,,,,,,2.0,,2.5,,,,,3.8,,,,,,,,,,,,,,,3.3,,4.1,,,,,,,,,4.3,,,,,2.5,,,,0.8,,3.8,,,,,,,,,,0.3,,,,4.0,0.5,,,2.0,,,,2.3,,,,,,,3.9,,4.1,,,,,,,,,,,,,,,,,,,,,,,,,,,,,,,,,,,,,,,,
2987004,433892,178.2,C,11710,175.2,301.9,mastercard,542.2,credit,366.6,99.2,,,,,1.0,2.0,8.0,15.0,8.0,5.0,1.0,17.0,6.0,13.0,17.0,2.0,8.0,6.0,90.1,210.2,250.4,406.1,,530.4,392.2,10.5,499.1,246.1,,445.4,,400.6,,F,T,,,T,,F,,,,,,,,4.5,,,,,1.9,,3.8,3.2,,,,,,,,,,3.2,4.4,,,,,0.1,,,,,,,,,,,,,1.4,4.3,,,,0.0,,,,,,,,4.4,,,0.2,,4.8,,,0.9,0.6,,,1.2,,,,,,2.1,2.0,,0.3,,,,,4.8,,2.2,,4.1,0.2,,,1.2,,3.7,,3.8,,2.7,1.0,,,,3.6,,,2.3,4.7,,,,,,3.9,4.9,,,,,3.5,,4.3,4.4,,,,,,2.1,3.6,0.6,,1.8,,,3.0,,1.1,,,3.6,,,3.5,,,,2.4,,,,0.4,1.1,,,1.5,,,4.6,0.7,1.2,,,,,,,,3.5,,5.0,,,,,,,,,,1.1,,,,,,,,,,,,,,,,1.4,,,0.6,,,0.1,,3.2,,,0.7,,,,,0.8,,,,,,0.8,,,,,,0.1,,,,3.7,,,2.1,1.0,,,,,,1.0,,0.1,,,,,2.9,0.3,,,,,3.5,,,,,,,,,,,,,,,,,,,,,,,,,3.7,3.5,,3.4,2.3,,,2.6,0.7,,3.5,,,4.8,,3.8,,,2.3,,,,,0.6,1.2,3.6,,3.3,,,,,3.4,,3.6,2.1,,,,,,,,,,,0.1,2.4,,,1.1,,,,0.6,,,,,,,,,,,1.6,-11.2,22.7,,,26.4,,-43.8,,5.4,15.1,29.3,,-34.7,-25.4,,New,,25.2,,-10.9,-30.2,8.9,New,,,,NotFound,,,,,17.7,,,NotFound,New,Found,New,mobile,Found
2987005,444135,871.2,C,7813,328.2,332.7,mastercard,144.2,credit,160.9,58.0,,,yahoo.com,,3.0,12.0,1.0,19.0,17.0,14.0,13.0,8.0,2.0,3.0,15.0,2.0,15.0,16.0,,460.2,396.0,401.1,202.2,,,,,,,0.6,,253.2,98.0,T,F,T,M0,,,,F,,,,,,,,2.0,,,,3.5,3.7,3.7,,3.6,,,,,4.2,,,2.0,,,,,3.1,,,,4.1,,,,,,0.7,,4.9,,,,0.8,2.4,,0.5,4.6,,,,1.1,1.3,,,,1.4,,,2.2,,,3.8,3.6,2.1,,,,4.6,,2.6,1.7,1.6,4.8,,,0.0,,,5.0,4.8,,,3.9,,3.1,4.5,,1.7,1.1,,,0.1,,,,,,,4.8,,,,1.2,,2.1,,,,,4.6,,,,0.1,0.8,,,0.2,,,0.2,,4.9,,4.5,,,,,,,,,,3.7,,4.5,,,0.3,,,,,,,3.9,,3.2,,,,,,,3.0,4.6,,,1.7,1.5,0.1,,,,,,,,,,3.1,1.8,,,3.5,2.8,,,3.3,,,,,,,,,,3.2,,,4.3,,4.5,,3.9,1.1,2.8,,,,,,,,5.0,,2.2,,,,,,1.9,,,,,,,,,,,,,,,,,,,2.0,,3.3,0.2,4.7,,4.1,,3.5,1.5,,3.0,4.2,3.6,2.9,4.2,,,,0.2,1.7,,,,,,3.1,,,,,2.4,,,,,2.8,,,,,,0.6,,3.1,,,,,,,0.7,0.0,,,,,2.0,2.9,,,,5.0,,,,2.0,,4.4,,,,1.7,,,,3.8,3.5,,,,,,,,,,,,,,,,,,,,,0.4,,4.1,,,,0.8,,,,,,,,,,,,,,,,,,,,,,,,,,,,,,,,,,,,,,,,
2987006,452934,175.48,W,2897,218.9,131.9,mastercard,415.8,credit,345.7,30.6,210.6,,,,4.0,19.0,10.0,7.0,15.0,11.0,9.0,11.0,6.0,8.0,2.0,16.0,10.0,12.0,,322.2,,,,,406.6,,138.2,240.3,487.4,,,,,F,T,,M0,,F,F,T,T,,4.1,,0.3,,,,,,,,,1.3,,,,,2.3,,,,4.1,,,1.7,,1.1,,,3.0,,,4.1,,,,,4.6,,,3.4,3.8,,,,,,,,0.9,3.1,,4.0,,,,,1.7,,,2.3,0.9,,,,,,3.5,,1.5,,3.2,,,,3.3,2.1,3.3,,4.4,,,,,,1.2,,1.4,0.5,4.6,0.6,3.7,,,,2.6,,,,,,,2.0,,3.9,2.0,,,,,1.7,,,,,0.0,,,2.0,,,,,,3.9,,,,,3.8,,,,0.7,3.0,1.4,2.7,1.1,,,1.1,,,,,,,,,,,2.0,3.6,,2.1,0.3,0.9,,,,,,,1.2,3.6,,,,,0.7,,,,,,,,4.4,3.6,,,,3.0,,,,1.6,,0.4,2.9,3.6,1.5,,,,1.1,,3.7,,,,,,,,,,,,3.9,,,,,0.5,,,,,,,,,,,,,3.1,,,1.3,3.0,,,,,,,2.7,4.8,,,,,,,,,,,,2.2,,3.9,,,,,,1.5,0.7,,,,,,,,0.2,,4.7,,,3.4,,0.6,,0.7,0.4,0.8,,,,,,,4.1,2.3,,,,,,,4.2,,,,,,,,,,,,,,,0.3,,,,,4.6,2.4,,1.8,0.6,,,3.5,,0.8,,,2.8,,,,,,,,,,,0.8,3.7,,18.4,42.2,49.1,,-10.8,,,,,-14.8,,-47.1,-22.4,NotFound,NotFound,26.1,-27.4,43.8,,,,New,19.2,8.6,,NotFound,Found,New,NotFound,NotFound,,New,Found,New,Found,Found,Found,desktop,
2987007,482140,33.46,R,2987,520.8,423.0,mastercard,350.1,credit,139.4,44.5,,,hotmail.com,anonymous.com,14.0,14.0,14.0,19.0,17.0,12.0,16.0,0.0,8.0,7.0,14.0,19.0,12.0,11.0,61.6,,366.6,137.3,343.8,,,,14.4,,,,242.1,,61.1,,,T,M0,F,,T,,,,,,,1.5,4.6,,,3.4,3.7,4.6,2.8,,,,3.9,1.9,,,,3.8,,,,,,,4.9,,,,0.6,,2.8,,,4.5,,,1.1,4.8,3.6,,1.4,3.7,2.4,,,2.5,,4.8,,,2.5,,,,,,1.2,,,0.7,,4.8,,,1.1,4.7,0.8,1.8,,,,,,4.1,4.9,,,4.4,,2.7,4.3,,,,3.1,2.6,4.9,4.1,,,,,,,,,,,,3.3,,,,,1.5,,3.2,,,,,2.4,0.5,,,,,,,3.4,1.9,,,,,,,,3.2,3.7,4.7,1.6,,,,3.7,,0.9,,,,,,4.4,,,3.8,,,,,,,4.9,,0.9,,5.0,,,,,2.8,,,3.3,3.9,1.8,,,,,,,3.0,,,,,,,,1.3,,4.4,,,,4.1,,,,,,3.1,,4.0,,,,,1.0,,,0.3,,2.8,3.7,,2.6,2.8,,,4.7,0.8,,,,,,0.4,4.4,,,,,,,,,,2.4,0.1,,2.2,,,,,,,,3.4,4.6,,,,,,,3.9,,,,,,0.4,,,,,,3.0,,4.8,,2.9,2.7,,,,,,,,,4.3,4.9,1.1,,0.7,,,,0.7,,,1.5,4.2,,,,,,2.1,3.6,3.3,,,,,4.9,,2.8,,0.1,4.1,,,3.8,,1.3,,,2.1,,,,,,4.7,0.2,,,2.3,,0.9,,,,,4.0,0.5,,,,,,,,,,,,,,,,,,,,,,,,,,,,,,,,,,,,,,,,,,,
2987008,514354,56.55,C,2016,251.8,239.8,discover,415.0,debit,420.4,96.5,,,yahoo.com,,16.0,6.0,16.0,5.0,4.0,5.0,13.0,0.0,5.0,12.0,14.0,11.0,4.0,0.0,547.3,307.1,,,528.0,,469.6,592.3,511.5,,,,,145.7,,,T,F,,,T,F,F,F,2.5,,,,3.4,2.7,,,,,,3.7,,,,0.7,,,,4.2,2.2,,2.8,,,,,,,,,,,,1.6,,,,,,,1.8,,1.0,,,,,,,1.8,,,,,,,1.5,,2.4,,,,,,0.4,1.0,,,,,4.3,1.2,,,1.7,4.4,1.8,0.3,4.6,,2.8,,,,,,,,4.3,,,,2.3,4.0,,,,,2.6,3.8,,,2.1,2.6,2.4,4.0,,,,,2.8,,,,,4.9,3.4,,2.5,0.5,,,,,,,,,,,,2.0,,,,2.0,4.7,,,,,,2.3,,,,,,,2.7,,0.4,,,,,2.1,,,,,,,2.6,2.8,2.8,,,,,,,,,,,,,1.8,,,,,,,4.0,,1.8,,,2.0,,,,,1.1,0.9,,,,,,,3.1,2.0,,,2.6,4.0,2.1,,,0.6,,0.7,1.3,,,,,1.2,4.7,,2.0,,,,,,1.4,0.2,,,,,,,2.1,,,,,,,,,,3.6,,,,,4.4,,,3.2,2.1,,,,,,,3.7,,,,0.5,1.8,,,,,3.1,,,2.9,,,,2.7,,,,,,,,1.3,1.6,,1.3,,0.3,,,3.9,,,,,,,,4.0,3.3,1.3,4.1,2.4,1.6,4.6,,,2.6,0.6,,,,,,1.2,,,,3.5,,,,,,,,,,,1.2,,,,,,,,,,,,,,,,,,,,,,,,,,,,,,,,,,,,,,,,,,
2987009,609604,436.56,R,13660,125.7,242.3,mastercard,337.5,debit,354.8,81.4,,,gmail.com,anonymous.com,3.0,12.0,10.0,4.0,2.0,12.0,5.0,10.0,6.0,2.0,0.0,11.0,4.0,11.0,357.5,404.3,,348.4,216.3,210.0,332.7,,378.0,2.2,489.5,518.4,,375.4,210.9,,,,M1,F,F,,T,F,4.0,,2.8,,2.6,,,,,,,2.5,,,,0.0,4.3,,,,,,,,3.6,4.9,,,,0.9,,3.4,,,,,,0.6,,,1.6,,,2.3,,,,,,0.7,,0.9,,,,,,4.3,,0.6,,1.0,,1.2,,0.4,,,,,4.2,,1.3,,,,,,4.0,,2.3,,,,,,,,,,,4.9,0.8,,3.1,1.0,,,4.2,4.3,,,1.2,1.8,0.3,,,0.0,3.7,,,,,2.9,,,4.9,0.7,,2.7,1.9,5.0,1.6,,0.4,,,,,,,3.4,4.1,,,,,,1.5,3.0,,,,,2.7,,1.2,,,,,,1.1,1.9,3.3,,,,,,,,,3.3,,,,,,,,,,3.9,3.0,,,,,,,,,,,,,4.0,5.0,,,3.3,,,,,,,,,4.5,,,1.0,0.8,1.4,,,,,,,2.4,4.2,,1.0,,4.3,,,,1.0,,4.9,,1.7,4.9,,,0.3,1.4,0.7,,0.8,,,,,,1.0,2.7,,,,0.9,,,3.9,,,,,,,4.5,,4.7,1.6,,,,,,,,,,,,1.9,,1.3,,,,,,,3.0,3.1,0.8,,,2.2,3.3,3.6,,2.9,2.6,,,,,,,2.1,,,,4.4,,3.9,,,4.6,,3.8,,,3.5,2.0,,,,,,,,,1.6,,4.5,2.2,,,0.1,,,,,1.0,4.0,,,0.9,1.1,,,,,,,,,,,,,,,,,,,,,,,,,,,,,,,,,,,,,,,,,,,
2987010,618975,24.35,R,3811,108.3,243.0,mastercard,155.8,credit,,,,,hotmail.com,gmail.com,9.0,19.0,18.0,14.0,0.0,19.0,15.0,0.0,4.0,0.0,13.0,18.0,7.0,2.0,238.3,,312.0,165.1,,176.9,,,162.1,76.1,,,,433.3,204.6,F,,F,,F,T,F,,,1.0,,,,1.9,,,3.8,,4.4,4.1,,4.5,4.3,,,,,,,,,,1.0,1.4,,1.6,,,4.5,,,,,,4.7,,,,1.4,,,,4.9,,,,0.6,,3.4,,1.9,0.5,3.1,2.4,,,,,0.3,4.9,0.3,,2.1,4.9,,,,,,,,3.6,1.7,0.1,0.6,3.9,,2.2,,,,,,,,1.2,,,,,3.5,4.6,,1.4,,3.0,0.6,,,,,,1.6,,,,,,,,,,3.1,,,,,0.4,,,,0.7,3.1,,,,3.4,,,,,,4.2,0.8,,,,2.1,,3.7,,,,,,,,4.6,1.9,,,,1.8,,,1.4,,4.0,,2.7,,,4.4,,,,,,,,,,,1.8,,,,,,1.1,2.2,,,,,,,4.6,0.3,2.8,,,,,,,,,,0.8,,,0.8,,,,,,,,,,4.6,3.5,,,,,4.4,,,,4.7,,0.0,,0.2,,0.2,,,,,,,,,,,,,,2.2,,,,,,,,,0.2,,,,,,,,2.9,,,4.1,0.2,,,,,,,,,4.1,,0.0,,4.5,3.4,2.2,0.7,1.7,,4.6,,,,,,,,1.2,,,,,4.4,,,,0.9,,1.5,,,,,,,,,1.2,,,4.8,,,,,,,,,4.8,,,,3.6,2.9,,,4.9,2.9,,2.1,,,0.5,,,,,,,,,,,,,,,,,,,,,,,,,,,,,,,,,,,,,,,,,
2987011,631057,1240.15,S,17256,456.4,430.9,,524.3,credit,314.0,76.3,1356.9,1416.7,hotmail.com,yahoo.com,10.0,11.0,13.0,5.0,10.0,7.0,4.0,1.0,5.0,13.0,15.0,11.0,3.0,1.0,,,,8.3,,161.6,,391.7,513.6,,138.0,288.6,,,,,T,F,,,,T,,,,,,,,,,,0.4,,,1.1,,,,,2.4,2.3,2.6,,3.1,,4.4,4.7,,,,1.2,,5.0,,,,,,,,,,,,,,,1.4,,,,,,,,,,,3.5,,,,2.4,,,1.0,,,,3.2,,,,,,1.4,,1.2,,0.7,,,,,,1.1,,,,,4.5,,,,,,,,4.4,,,,,3.4,,,,4.8,,3.7,,2.9,,,4.2,,,,2.6,,,,2.2,0.7,,,,0.8,,0.7,2.4,4.6,,,,0.2,,,,4.0,4.8,1.7,4.3,,,,0.4,,,,,,,4.9,0.1,2.1,0.7,3.0,,4.1,,3.6,,0.0,0.2,,,,,,4.9,2.7,,,,,1.8,,,,4.5,4.0,,,3.0,,,,3.0,,3.3,,,,2.6,4.9,,3.9,,,,2.1,1.7,,,,,,,,,1.3,3.6,,,,,,,,4.9,,3.0,,,,1.3,,,,,,1.2,,3.1,,,,,2.8,,3.6,,1.4,,4.9,,,,,,0.8,,4.1,1.0,,,3.4,,,,0.4,0.8,,,1.9,0.2,1.6,,0.5,,,4.7,1.4,,,,,,,,,,,,2.3,,,,,,,,3.4,,,,,,,,,,1.7,,0.5,1.3,,,,2.5,,,,,4.9,0.3,,2.2,3.1,0.1,,0.1,,,,,4.6,1.4,,3.0,2.1,,,,2.0,,,,1.2,,4.5,-15.6,35.7,11.6,,-42.1,39.6,9.4,22.7,17.9,10.2,,NotFound,,,New,Found,21.1,-48.2,29.3,-22.8,,5.9,,4.5,23.1,32.8,New,,Found,NotFound,New,9.3,,,NotFound,Found,,NotFound,mobile,
2987012,707007,61.63,R,5417,539.4,149.0,mastercard,159.0,debit,488.2,76.9,,,yahoo.com,,2.0,18.0,1.0,2.0,16.0,1.0,11.0,6.0,4.0,0.0,11.0,6.0,12.0,13.0,,551.7,197.5,,,,,500.3,,,32.5,,,,76.7,F,,F,,,F,T,T,T,,,4.2,,4.8,,4.4,0.4,,,,1.3,0.5,,3.7,,,,3.6,,,2.1,1.7,,,,,0.0,,,,,,4.5,3.9,,,,4.1,,,,,,,,4.2,,,,3.0,,,,1.2,,,,3.9,1.1,1.1,,,,,,,1.5,,0.1,2.9,,,,,,4.0,,,,,,,1.0,,,,,,1.8,,,,,,,,,0.8,,,,3.5,,,,,,,,,,1.0,,,4.7,,,,3.1,,3.4,,,,,,3.5,,,0.4,,,,,,,0.3,3.0,,,1.7,2.9,,,,4.9,,,2.1,,,,,,,0.4,,1.7,0.8,,,,,4.1,1.9,,,1.6,,,,,,,,,2.6,,,,1.9,0.1,3.6,,,4.8,0.3,,,,3.5,,2.2,,0.8,,,,1.8,1.9,0.6,,,2.6,,,2.5,,2.5,,0.5,,,2.8,3.5,1.3,2.4,,,4.5,,,,4.9,1.9,,,0.5,,,,,,,,3.7,,0.5,,,,1.1,,,,4.0,,,,,,1.2,1.4,,,,,,,,,,,,,3.4,,,,,,3.9,,,1.4,4.9,,,,,,3.3,,,1.1,,,0.1,,,,,,,2.9,,,,,,,,,,,,,,,4.4,,,,,,,3.4,,,4.8,,2.4,,,,,4.5,,,4.7,,,,,3.3,,,,,,,,,,,,,,,,,,,,,,,,,,,,,,,,,,,,,,,,,,,
2987013,750024,86.13,C,15345,459.0,157.9,visa,222.1,credit,243.5,,1871.2,,hotmail.com,,15.0,17.0,0.0,16.0,0.0,13.0,17.0,7.0,19.0,15.0,1.0,8.0,14.0,7.0,,,429.9,,166.7,,470.7,292.5,90.2,,,,152.4,10.6,,T,,,M0,,T,T,T,F,3.2,,,3.9,3.9,3.1,,,3.8,0.7,4.1,,,,,,4.0,,,,,2.5,1.6,,,,1.6,3.1,3.6,1.0,3.7,,,,,,,,2.5,,4.5,,3.2,,,,,,1.1,,3.4,,,1.9,1.4,,3.6,,,,,,,,,,3.9,2.6,,,,,3.3,,,,,4.2,,,2.7,4.4,,,1.7,,,,,,,,3.5,,,,,,,,,,,,,,,,,,0.5,,,0.7,,,0.2,,0.2,0.3,,,3.2,1.6,4.5,4.5,,2.0,,,,3.1,3.1,0.4,,,0.1,,,1.1,,,,,3.1,,,,,,,,,,,,,,,,1.1,,,3.3,,,,,,,,,,4.2,,,,,,,,,,,4.3,,,4.9,,3.6,,,,,,,,,3.6,,,,,,,0.9,,,,4.6,,3.1,,,,,,,,,1.8,,0.8,,2.7,,,,,,,,,0.0,,,1.2,,3.0,,,,0.1,,,,,3.8,0.7,,,3.0,3.2,,,,,,,,,,,,,,,1.6,1.7,2.1,,,,,4.8,1.9,2.3,,,1.2,,,,1.3,,0.1,,3.1,5.0,,,,4.9,,0.4,,,1.1,1.8,2.8,2.7,1.0,,0.9,,,,,4.1,,,,,2.4,,2.1,4.3,,,,,2.9,,,,1.9,,,,,,,,,0.8,0.2,,3.4,,,-15.2,-34.4,5.5,-36.3,-30.0,8.3,45.0,31.3,38.8,,,32.8,,Found,NotFound,-9.6,44.6,26.0,,-26.8,-25.2,NotFound,,-21.2,-29.0,New,New,,New,NotFound,-36.1,NotFound,NotFound,Found,Found,New,NotFound,mobile,Found
2987014,761932,17.06,C,7632,136.8,429.3,discover,202.8,credit,485.3,33.7,2537.3,,gmail.com,yahoo.com,1.0,18.0,11.0,4.0,6.0,16.0,19.0,12.0,13.0,14.0,1.0,4.0,19.0,5.0,,,136.3,333.6,,,424.3,,108.4,594.9,,380.8,528.1,470.9,,,,,M0,F,T,T,F,,3.6,,,,0.9,3.1,,,2.7,,4.6,,,,,,0.5,,4.9,,0.2,,2.0,0.8,,,,,,2.1,,,,0.6,2.1,,0.2,,,,,,4.1,0.2,1.4,4.7,,,,,,,,,,,,2.2,,1.0,1.9,3.3,,0.1,0.7,,0.1,4.3,,1.5,2.7,,3.2,2.4,,,,,2.4,0.7,,,3.2,,,,2.2,0.8,1.1,,4.4,0.9,,4.6,,,,,4.6,3.3,4.4,2.5,,,,,3.2,4.6,,,,,,,1.3,1.9,,2.0,,,,,3.7,,4.2,2.9,,,,,2.8,,,,,,,,,,,,,0.0,,,,0.6,,2.8,2.2,,,,,,,,1.5,3.4,,1.9,,,,,4.7,3.3,,,,0.2,4.3,,,3.8,,,,2.5,,4.1,,0.5,,,,,,3.9,0.2,,,,,1.9,,,,,0.3,,,0.0,,,,,,,,,,,0.6,,,,4.9,,,3.5,1.4,,,1.4,,,,,,,,,4.9,,,,,,,1.0,,,0.5,,,,,,,,,,,0.6,,,4.1,,,,,,,2.6,,,,1.6,,2.0,,,,,0.2,,,0.4,,,,,1.8,,,2.7,0.4,,,3.4,4.0,,,,,,,,,,,,,,1.6,3.7,0.6,,4.1,,4.9,,2.2,4.4,,1.7,3.4,2.3,,,,2.7,,,1.7,1.3,,4.0,,,,,,3.8,,,,,,,,,,,,,,,,,,,,,,,,,,,,,,,,,,,,,,,,,,,
2987015,810069,118.25,R,4561,208.0,369.6,mastercard,156.5,credit,441.1,,1313.5,2527.2,hotmail.com,,1.0,3.0,3.0,4.0,14.0,5.0,5.0,14.0,6.0,12.0,0.0,19.0,13.0,14.0,,369.4,,,488.3,,192.3,,111.3,,50.0,,,340.1,571.1,,T,,,F,,T,,,,2.9,,4.5,,,,,1.0,,,,,,4.8,4.5,,3.1,,,2.7,,,,,,,,,,4.3,0.1,,,,,1.7,,1.4,,3.0,1.7,,,1.6,2.1,,,,,,,,2.1,,4.0,2.8,,,,,4.8,,,2.6,,,,,0.5,,,,,,3.1,1.0,,3.2,,,1.2,1.3,1.1,4.2,2.5,,2.2,4.7,,,,1.7,,,,,,,4.9,2.3,,,4.2,,0.7,2.0,,,2.8,,,1.3,,,0.3,,,,3.7,,,2.9,,,,,,,0.6,4.4,2.9,4.5,2.3,1.5,,3.3,4.3,3.4,0.5,3.7,,,,,0.2,,,,,2.9,,,,,,,2.3,1.4,,,,2.1,1.4,,3.7,,,0.6,,,,,,,,,2.1,,,,1.7,,2.7,,,,,0.3,,,,0.8,,0.3,,,,,0.7,,1.2,,1.5,,0.9,,,,3.2,1.8,,,,,3.4,,,,,,1.4,,4.3,1.8,3.9,,,,3.4,,,,,,,,,,,,,3.7,2.0,,2.6,,,,1.5,,,4.9,0.1,3.0,,,,,,1.2,,3.4,2.8,3.2,,,4.7,,,,,,3.4,4.7,,,,3.1,,2.9,,,,2.0,,,,,,0.5,,,3.9,3.6,3.7,,,,,,,,,,,1.0,,,,,,,,,,3.1,2.8,,,,,,,,,,,1.2,0.1,,,,,,,,,,-15.7,,-3.9,-21.6,-42.8,26.0,31.4,-11.6,,44.8,-23.3,Found,-37.8,,Found,,-35.7,,,10.1,25.6,42.1,,-41.6,22.1,,,Found,,Found,Found,29.3,,Found,New,,,New,desktop,New
2987016,826959,19.28,C,17163,163.7,334.5,discover,508.9,debit,350.6,93.4,,,hotmail.com,,17.0,5.0,14.0,13.0,9.0,10.0,16.0,10.0,10.0,0.0,9.0,3.0,5.0,2.0,519.7,466.9,,265.0,460.9,,,593.0,,,40.4,100.2,323.7,45.4,93.6,F,T,,,,,,,F,,,,,,,,,0.6,,,,,3.9,,,,,5.0,,,,,1.9,,,,,,,,,,,,,4.7,2.0,,,,2.1,,4.0,,2.0,,,,,,,1.6,,,,1.7,1.9,2.1,,4.6,,,1.6,,,2.1,,,,,0.9,,,,,,,,,1.7,,,,,4.5,,,,,0.9,2.7,2.5,0.7,,,,,2.9,,,,,,2.5,,,,,5.0,,,,,,,,,,4.9,,0.5,,,1.6,1.3,2.2,,,0.1,,,,,,,,,,,,,,2.9,,,,,,2.3,,,1.7,1.4,,1.2,,,4.8,2.4,,,,1.9,2.4,,4.8,,1.4,0.2,,3.9,,,,4.3,,,,,0.1,,,1.2,1.6,,,,,,,,4.8,,2.3,,,3.6,,1.7,,,3.9,,,,,1.0,,,,,,1.7,,,0.2,3.2,,,,,,,,,1.6,,4.7,1.9,4.6,,,,,,,,,0.9,2.3,2.8,0.1,3.4,,,,,3.9,0.5,,,0.3,,,2.1,,1.1,,,,,,,1.6,,,,,2.0,,2.2,3.0,1.6,,,,4.1,4.5,,,1.4,0.6,,,1.6,,,2.5,,,,,3.0,,,,,,,,,,0.5,,,,,,,4.0,,4.5,,,1.5,,,0.8,0.3,,,3.5,,,1.0,,0.0,,,,,1.5,,,,3.3,,3.1,,,,,,,,,,,,,,,,,,,,,,,,,,,,,,,,,,,,,,,,
2987017,835158,1476.7,C,5527,222.0,325.4,visa,428.1,credit,,24.7,826.0,,yahoo.com,,4.0,2.0,17.0,9.0,17.0,5.0,15.0,19.0,4.0,17.0,17.0,12.0,13.0,9.0,,372.7,,119.8,,,,,,198.1,,212.7,,,,F,,,M1,T,,,,,,,,0.7,,2.5,,0.8,,,,4.2,,,,,4.3,4.6,,,,,4.6,,,,1.4,,,,,,,,,0.1,,4.4,,,,,0.8,2.7,,,,,,,,,,,,,,,,,,,2.4,,,4.6,1.0,1.3,,,,,4.4,3.9,,3.6,,,,4.4,,1.0,2.3,,4.6,,,,3.3,,,,,2.7,,,,,,,,,,,,,1.3,,5.0,,,,,0.5,,,,,,4.6,,,2.3,3.3,0.8,,3.1,,,,4.3,4.1,,,1.8,,,,3.3,,0.5,,,,3.0,,,2.6,,,,,2.9,,,,,1.9,,,,,,,3.2,,,,,,2.8,,,5.0,1.7,,,,1.6,,,1.1,,,,,,,,,2.7,,,0.5,,4.9,4.5,0.6,4.2,2.8,,0.1,,3.7,,,,,,,1.8,,,,4.8,4.5,,4.3,,,,,3.6,,,,,,0.1,,,,,,3.9,5.0,,,4.4,,,1.2,,,,2.9,3.6,2.2,,,4.9,,,,,,,,,,,,,1.4,,,0.4,,,,,1.0,,,4.1,0.9,,1.9,,,,,,,3.1,,,,0.7,,,,2.8,0.7,4.4,,,4.4,,,,,,,,,,,,,,,,,,,,,,0.3,,,,1.9,,0.2,,,4.4,,1.4,,,4.4,,,,,,,,-1.4,0.2,33.1,20.7,-25.0,18.1,33.9,16.5,,,-23.6,17.1,New,Found,-46.3,-49.6,-44.0,,-23.3,,,,-17.4,,Found,NotFound,New,,,-40.4,New,,Found,New,Found,,mobile,Found
2987018,840223,92.84,R,3081,,577.9,discover,508.0,debit,383.7,,2700.6,,hotmail.com,gmail.com,17.0,2.0,12.0,5.0,11.0,13.0,6.0,11.0,10.0,10.0,14.0,12.0,10.0,11.0,,583.8,447.0,422.4,390.7,568.9,519.6,519.9,96.4,,,,,123.0,,T,T,F,M1,,T,T,F,,,3.5,,,,,,,,,,,,,,1.4,2.5,,,,,0.2,3.7,0.8,,,,4.3,4.7,,0.8,,3.7,,,1.4,,,,,2.6,,,4.8,3.4,,,2.1,,,2.3,,,,4.9,,,,,,4.6,,0.0,,2.1,,,,,,2.2,1.8,,1.5,,2.8,4.3,,,,1.1,,,,,,2.2,2.6,,,,,,3.7,,,,,,,,3.1,,,,,,2.7,2.8,,,,,,,3.0,,1.4,1.6,3.8,,0.5,,,1.7,,0.6,,2.4,,0.1,,5.0,,,,,,0.4,,,,4.0,,,,,,,,1.6,2.3,1.4,3.3,,,0.5,,,,,,,,,,,1.0,3.3,,,,,,3.8,1.6,,,,0.6,,3.6,,4.8,0.8,,,1.9,,,,,2.9,,,,,,,,4.9,,,,,,1.9,,,,,0.3,,,4.4,,,,4.4,,,,4.9,,,,,2.0,,,1.5,,,3.8,2.9,3.4,,,,,4.1,,,,,1.9,,,,,1.6,,,,4.0,,,,,0.9,,,,,,,,,,,,1.2,,,,,,,4.3,,,,,,0.6,1.8,2.3,,,,1.1,,0.3,,,,,,,,,,1.3,,,,,,3.2,,,,,,4.2,,,,,,4.9,,,3.3,2.9,,,,0.6,0.0,,2.3,2.2,3.0,2.4,,3.7,,3.1,,-28.0,-36.7,41.2,-34.7,11.5,,-0.2,26.7,32.6,-24.2,Found,-5.5,-16.9,Found,,18.1,,,,,,New,-20.9,42.4,-21.6,New,Found,New,New,Found,-28.5,New,Found,,New,Found,Found,mobile,Found
2987019,843163,231.87,H,2154,530.4,595.8,mastercard,419.6,credit,491.2,39.9,,,gmail.com,,10.0,12.0,4.0,3.0,4.0,7.0,11.0,18.0,1.0,19.0,0.0,13.0,2.0,2.0,230.5,498.0,,,207.5,,407.4,596.5,50.1,334.7,564.0,548.4,,,369.1,T,F,T,M1,F,,,,F,0.8,,,,,,4.9,4.4,3.3,,2.1,,,,,,,,1.9,,,,,,,,,,0.1,,,,,,,,2.1,0.4,2.5,,,,,4.2,,,3.7,,,,,,,,4.0,4.4,2.8,,,,,0.0,,,,1.8,,,,,,3.8,0.4,,,2.1,4.2,,,2.9,,0.1,,4.2,4.4,,,,,,0.8,,2.2,3.5,,,,,2.9,4.4,,,,,,3.5,3.3,4.9,,,,,,1.1,1.5,4.0,4.2,,,,,1.8,,2.3,,,,,3.5,4.4,,,0.1,,,,,,,,,,,,,2.8,3.1,1.1,,,2.9,,,,,2.9,,0.8,,0.1,2.1,4.3,2.0,,,1.1,,,1.2,,0.0,,,,4.4,,1.9,,4.4,,0.3,,3.9,,,,,,3.2,4.4,2.4,,,,4.9,,3.1,,,,,,,,,4.0,2.0,0.7,,3.3,,,3.6,,,0.2,4.0,,,4.9,2.8,2.2,0.4,3.4,,,,,4.0,,0.1,,1.7,2.3,1.2,,,0.3,,,,,0.9,,,4.7,4.8,,,,,,,,3.8,,,1.4,,,3.0,,,3.9,2.8,0.5,2.4,,,,4.9,,,,,4.3,,3.9,,,,,,4.4,,2.6,,,,0.2,,,,,,,,3.3,,2.0,3.8,,,,,,,2.6,,,,,,,2.3,,0.6,1.0,0.4,1.7,,,,,,,1.8,4.4,3.7,,1.9,,,,1.9,,2.4,0.8,,,,,,,,,,,,,,,,,,,,,,,,,,,,,,,,,,,,,,,,,
2987020,869157,89.09,C,17132,231.6,499.6,visa,483.0,credit,333.2,40.3,974.8,,yahoo.com,anonymous.com,8.0,16.0,12.0,3.0,7.0,15.0,4.0,4.0,12.0,6.0,9.0,13.0,0.0,12.0,501.1,303.5,,,,406.2,,,323.8,,522.4,440.3,,442.4,,,F,,M2,,T,T,T,T,2.5,,0.1,4.4,2.7,,,,2.6,3.4,,,,,1.7,,,1.0,,,,,,2.6,3.8,,0.6,,,,,,,,,2.5,,,,,3.6,,,,2.1,4.0,,1.4,,,,,,4.3,,2.4,,,,3.1,,,,,,,4.8,3.6,0.5,,,,,,1.9,3.3,,,0.6,2.9,4.3,,,,,,0.2,,,1.9,0.9,,,,,,,,,,,,,,,,,,3.1,,,,,3.2,,,,,,3.0,,0.2,0.2,0.7,,,,,,3.2,,,,1.3,,,1.5,,,,,3.7,,,,0.1,,,,,,3.6,2.1,,,,,4.8,,,2.5,,3.1,,,,,5.0,,,1.0,0.2,2.3,,3.4,3.9,,1.4,,4.2,,2.3,,,,,1.0,3.2,2.7,2.8,,,2.3,2.4,0.2,,3.0,,2.3,,4.4,2.4,,,,,,2.7,,,,,,4.7,,0.4,,,,,,3.8,,,1.5,,,0.0,,,,,4.9,,,,,,,,,,,,,,,,,,1.5,,,,,,,,,,,4.5,,1.6,,,,3.1,2.2,,4.5,0.2,,1.2,,4.8,,,1.9,,,1.4,,4.9,,,,2.2,,,,2.3,,,,,,,,,,,,,,,,,,,2.1,4.9,0.3,,,,,,,4.2,,,3.0,0.9,,,4.3,3.9,,,,2.9,,,,,,,3.0,,,,,,,,,,,,,,,,,,,,,,,,,,,,,,,,,,,,,,,,
2987021,889217,216.77,S,15600,241.7,551.7,mastercard,131.2,debit,477.0,63.0,,,gmail.com,,17.0,3.0,19.0,10.0,10.0,8.0,3.0,16.0,7.0,15.0,15.0,7.0,9.0,17.0,,335.1,426.5,319.7,360.8,359.4,522.7,36.1,,219.8,,,,,480.7,F,,T,,F,T,F,,F,0.5,,,,,,,,,,,4.8,4.8,,,,,,,4.1,,2.2,,,,0.7,2.8,,,,,,2.3,,,,,,,4.7,4.1,,4.9,,,,,,4.5,,,,,,,3.4,,1.3,,4.4,,,,,,,,,,,3.2,,,,1.5,,,,2.2,,1.5,,,1.9,,4.1,,,,,4.8,,,,,,1.9,,,,2.3,,,,,,1.5,,,,,0.4,,,,,2.6,,0.5,,4.8,,2.7,,,2.8,,,4.8,,,2.2,3.8,2.6,,,,,,4.6,,,2.9,3.8,,,2.8,,1.7,,,4.0,,,,4.2,,,,,1.8,3.9,,4.6,,,,3.4,4.4,,3.3,3.4,,,,,,,0.9,1.3,,,,,,1.0,0.3,,,,2.1,,,,,4.2,,,,1.5,,0.6,,4.9,,,,,2.5,,,,,,,,0.7,,4.8,4.0,,,,,,,1.3,4.8,3.6,,0.5,,,4.6,2.8,,,,2.4,,0.7,,0.1,0.4,1.2,,,,,,,,,1.5,4.4,,1.7,,,4.0,,,3.5,,,,,,,,,2.6,4.1,0.0,,,0.7,,,,,0.4,,3.4,,,0.3,0.6,,0.6,,,2.5,1.3,,,4.5,,,,4.2,,,,1.4,,,,,,,,,0.3,,,,,,,,,,,,,3.2,2.3,,,,,,,,,2.0,3.1,5.0,-7.9,23.9,11.8,-45.6,-46.9,-24.4,26.6,-5.8,-6.7,-9.7,,NotFound,30.2,,NotFound,,,,-46.4,-47.2,-41.1,22.2,,,-6.6,33.1,New,Found,Found,Found,New,,,New,NotFound,,Found,Found,desktop,NotFound
2987022,945349,51.3,C,1133,281.0,476.0,visa,265.2,credit,282.5,73.6,,,,,2.0,6.0,16.0,8.0,0.0,17.0,4.0,7.0,16.0,1.0,14.0,3.0,13.0,7.0,,,,,,410.5,287.5,,,,574.7,543.3,82.2,459.9,590.9,,,,M2,,,T,T,T,,,,,3.7,,2.9,,,2.5,1.4,,,0.5,,,,,,3.6,2.9,0.4,,0.2,4.2,2.9,,,,,,4.8,,,,,1.4,,4.8,2.6,,,,,4.4,,,,,,,,,,0.4,0.1,,,,1.0,3.9,0.4,,,,,,2.8,,0.6,2.2,,,,2.8,3.6,,3.6,,3.7,,,1.2,3.1,,2.0,,,2.0,,,4.8,,,2.9,,3.6,,3.6,0.1,,,,,,,1.7,2.8,1.2,,2.6,,1.3,3.4,,,,,,,3.0,3.4,2.5,,,,,,,,,,,,,,4.2,,,,,,5.0,,2.7,2.1,,,,,,,2.6,,5.0,3.7,0.1,,,,,0.7,,,,,,3.5,1.0,0.5,,,,3.4,,4.6,,,,,3.7,,,0.2,0.5,4.8,,0.6,,0.9,1.7,0.7,2.8,0.5,,,,,,,2.4,,,0.3,2.4,,,,,,,,,2.0,,4.4,,,,,,4.5,3.2,,4.1,,2.9,,,0.5,,0.2,3.8,,,,,3.3,,,,0.3,,,0.6,3.9,,4.5,2.2,,,2.1,3.0,3.9,,,1.9,,,,,2.0,0.5,,,,,2.9,,,,,,,1.2,1.3,,,,,,,4.4,,,,1.8,,,,,,,,,,,,4.5,,,,,,,,,,2.5,,,,,,,0.3,,0.0,,,,,2.7,,,1.1,,,2.0,,,,,,0.1,2.7,,,,,,,,,,,,,,,,,,,,,,,,,,,,,,,,,,,,,,,,,,,
2987023,972297,13.14,C,17456,344.3,448.7,discover,169.6,debit,123.8,47.3,,1937.3,yahoo.com,,4.0,19.0,16.0,7.0,7.0,14.0,5.0,6.0,18.0,8.0,8.0,17.0,5.0,13.0,157.2,,,,84.0,,6.7,,,402.4,,557.6,475.9,,,F,T,,M0,,,T,,,0.9,,,1.9,,0.2,,,2.3,,,,3.2,,,3.7,4.1,,,4.4,,,3.6,,,0.9,,3.5,,,,,3.9,,0.7,,,,,,,,,,,,2.8,4.0,,,,,,,,,,2.9,,,4.3,,,,,1.5,1.2,4.2,,,4.8,,,,0.7,,,,4.4,,,1.9,5.0,,,,,,,,,,,,4.7,,,,1.5,,,,,3.1,1.4,,,,,0.5,1.5,,4.5,,,2.4,,,,,,3.3,,,,,3.7,,2.9,,,,3.7,,,3.7,,,,,2.0,,,,4.9,,,,,,0.5,,1.3,,,,,,,,0.1,3.8,,1.7,,,,1.3,,,1.4,,,,,3.7,4.4,,,0.1,1.8,2.1,0.7,,,,,,,,4.2,1.9,2.1,,,,,,,,,3.1,,,1.9,,,,,,,,,3.5,,1.7,,,,1.0,,,,1.3,,,2.6,0.5,,,0.6,,,,,0.8,1.3,,,,,2.9,3.6,3.5,,,,1.1,0.2,,,,,,,0.5,0.5,3.3,,,,,2.9,,4.3,,,,0.5,,,,2.4,4.6,,,3.2,4.5,0.0,3.1,,,,,,,,1.6,4.8,0.8,,,,,2.0,,1.3,2.0,,,,,,,4.3,4.1,,,,,2.9,,0.2,3.7,4.4,2.6,,,3.1,,0.7,0.9,,,,,,,,,4.4,3.9,3.5,,4.8,1.7,0.2,,,,,,,,,,,,,,,,,,,,,,,,,,,,,,,,,,,,,,,,,,
2987024,1031539,19.37,W,7559,451.4,348.8,discover,283.6,credit,298.5,86.2,,,hotmail.com,,15.0,8.0,7.0,5.0,7.0,0.0,12.0,0.0,18.0,5.0,0.0,0.0,6.0,8.0,509.4,340.9,,,575.3,,284.7,342.8,63.8,367.8,9.7,464.5,52.5,202.5,,T,T,,,F,,F,,F,,1.7,,,,,1.3,1.3,,,,1.6,,,,,,0.8,,2.3,,,1.8,,2.0,,0.4,,,,,,,,1.8,0.2,,,,2.1,3.5,,,4.9,,2.0,,1.6,,,,,,0.0,2.6,,,,,,4.8,4.6,,,1.3,,,2.9,,,2.4,,,,,,,,,,,,1.2,,,,,0.5,,,,,3.1,,,,2.3,,4.1,,,,,,,,,0.3,,,,,,,,,,,,2.1,,,,,,4.8,,,,,,5.0,2.8,,,,,2.3,,,,,,,3.5,,,0.6,2.6,,,,,,0.3,,4.7,,3.5,,,,,,,,,3.1,,,0.8,,,,,,,2.2,,,,,,,,,3.1,5.0,,,,,,,,,,3.6,,3.3,,1.9,,1.4,,,,,,,,,,,,,,,,,,,,2.0,,0.8,,3.9,,,,4.4,,0.7,4.2,,,,,2.7,0.8,,,,,1.8,,2.6,3.1,,,,,,,4.1,,,,,,,,0.4,,3.7,,,,,,,3.9,,,,4.8,2.2,3.1,3.0,,2.8,1.9,3.0,1.4,,,,,,3.8,,,,,,,,2.3,2.7,,,2.9,,,,,0.9,,,4.0,,2.2,,,,,,,,,,,,3.3,,,,,,,,4.2,,,,,,0.2,,,,,,,,,,,,,,,,,,,,,,,,,,,,,,,,,,,,,,,,
2987025,1037578,46.0,C,4157,393.4,160.3,visa,302.9,credit,474.6,29.0,,,hotmail.com,,4.0,12.0,6.0,16.0,10.0,9.0,15.0,1.0,6.0,5.0,8.0,4.0,8.0,7.0,64.6,,,493.7,,335.6,508.7,202.0,,25.5,222.1,399.1,,27.7,167.2,,F,T,M0,F,,,T,,,2.2,,,,,,,,,3.6,,,,1.8,,,0.1,,,3.5,,,1.4,1.9,,,,,,,5.0,2.4,2.5,,2.1,,,1.1,,1.1,,0.5,0.1,,,,,3.8,1.7,,,2.8,,,,,4.0,,2.8,0.7,,2.7,,,4.2,3.4,,,,0.7,,,,2.4,,,1.7,,,3.0,,0.9,,,,,,,2.0,,4.2,,0.8,,,4.9,,2.4,3.9,,,,,,,,,,,,0.6,,4.7,,,,,,,,,,,,,3.9,0.7,3.0,,3.2,1.4,,,,,,,,1.3,4.1,,2.4,1.6,,,,,,,,,1.6,2.5,,,,0.6,,,,,,4.5,3.3,,,,,,,,2.8,4.7,,,2.2,,,,,,1.6,2.3,,,,,,,4.4,,,,,,3.2,1.9,,0.3,3.9,0.3,3.4,3.2,,,,2.9,,1.8,,,,,,0.9,,,,0.8,,,0.0,,,,,,4.9,,3.6,,3.0,,,,0.2,,0.3,1.4,3.7,,,,0.1,2.8,,,,,,,,3.0,,,,,,,,,1.9,,,,3.3,,,0.5,,,3.5,1.2,,,4.8,,,,,2.3,,,0.8,,3.6,,,,,2.9,,,3.0,1.7,,0.7,,,,3.9,,,5.0,,,4.3,1.7,2.4,1.6,1.5,,,2.8,0.9,,,,,,0.7,,,,1.4,,,,,4.6,1.9,,,,,2.3,,,,,,,,,,,,,,,,,,,,,,,,,,,,,,,,,,,,,,,,,,
2987026,1044206,25.04,R,3345,136.6,,visa,516.4,credit,376.0,55.5,1121.4,,,,8.0,10.0,11.0,6.0,18.0,0.0,1.0,17.0,11.0,3.0,15.0,5.0,4.0,13.0,210.2,17.0,55.6,344.0,335.0,119.1,,,,,87.2,,34.2,257.0,404.5,T,,,M0,,,,F,,,,,,,4.7,,,,4.8,,,0.9,,,,,,,,,4.9,,,,3.6,,,1.2,,,,,,,2.5,,0.5,,,0.1,4.7,,,0.7,,,,,,,,,,3.7,,1.6,0.9,0.8,,,,3.2,,,,0.2,,1.9,,,,,,,,,3.9,,,,,,0.3,,,1.4,,3.3,1.9,,4.9,1.7,,,,0.0,,2.9,,,,,,,,,,1.1,,0.1,3.5,,,,0.7,,,1.7,4.8,,,,,,1.4,,,0.4,,,2.7,,2.7,,,,,,2.3,3.8,3.4,,2.6,,1.8,,,,,0.4,,,,,,,2.1,,,,4.3,,4.5,,2.1,,0.3,,0.2,4.8,1.1,0.3,,1.0,1.3,,2.9,,,,,,2.7,,1.5,,,3.9,,,4.5,,,1.7,,,,,2.7,,0.3,,,,,,,,,3.9,4.1,,0.2,,,,,1.8,,4.7,,,,3.0,,,,0.2,0.6,,,,,2.0,,,,,,1.2,4.5,,,4.3,,,,,1.1,,4.5,,3.0,,,,,2.4,,,,,,,1.2,,,,2.0,2.5,,,,2.2,,,,,,,,,,0.4,3.7,,2.6,0.6,,1.6,3.9,,1.5,,,,,,,1.8,,,,2.4,,,,,,,,,,2.0,,,0.7,,,,,,1.1,,,,,,,,,,,,,2.9,3.7,,,,,,,,,,,,,,,,,,,,,,,,,,,,,,,,,,,,,,,,,
2987027,1083065,67.07,W,16110,198.9,594.7,visa,240.7,debit,143.3,19.3,,,hotmail.com,,12.0,4.0,19.0,5.0,4.0,3.0,13.0,5.0,17.0,12.0,11.0,15.0,4.0,4.0,453.1,,,47.0,506.2,,310.1,,,,226.3,419.4,,,,,,T,,T,T,,T,,0.0,0.8,2.8,3.6,,,,,4.5,3.2,,,,2.1,,,,4.9,,,,,0.0,3.9,,,0.2,3.0,,,,1.9,2.6,0.7,,,,,,,,,2.9,4.0,,,,,4.1,,,,4.6,,,,,2.8,3.5,,,,2.7,,,,,,,4.2,,1.7,,,1.0,4.0,3.3,,,1.0,,,,,3.1,,,,,4.5,3.8,,,4.8,,,,,,,,,,1.1,,,4.9,,,,,,,2.9,4.1,,1.2,,,,,0.4,,,0.3,,2.4,,,2.4,,,,,,,,,2.3,,,2.5,,,3.2,,,,1.8,2.5,,,1.8,,4.3,3.2,,4.2,,,4.5,,,,,,,,4.4,4.7,3.0,,,,,,,,,2.9,,1.9,1.1,0.8,,3.8,,,,,,,2.1,,,4.1,,,,3.3,,4.2,,3.5,,,,4.0,,2.3,,,3.9,1.4,,,,,,,2.4,,3.2,3.6,2.0,,2.9,,,,,,,0.8,1.7,,,3.5,,,,,4.8,3.5,,,,4.9,,,,4.1,,1.9,5.0,,,2.9,,3.8,,,,,,0.5,0.0,2.8,,,,,,0.9,,,,0.2,,,,,,,,,,,,4.4,,,,0.1,4.9,,,4.6,5.0,2.1,,,,,,,,4.8,,1.3,,3.7,,,,,,,2.2,,2.6,0.8,,,,4.4,,,,,1.9,,,,,0.3,,,4.3,,,,,,,,,,,,,,,,,,,,,,,,,,,,,,,,,,,,,,,,
2987028,1213079,77.88,W,11155,183.0,474.6,visa,548.0,debit,114.0,70.4,1298.1,,gmail.com,,15.0,2.0,19.0,0.0,19.0,3.0,7.0,9.0,17.0,11.0,9.0,9.0,17.0,10.0,,451.7,114.3,90.9,,,,,,,288.2,239.7,80.8,,,F,F,T,,F,,T,,,,4.5,,2.3,,,,2.2,,,,3.5,,3.5,4.5,,,,,,,,,1.8,,0.9,,,0.6,,,,4.6,,,3.3,,,,,,,,3.3,2.2,,,,,,2.2,1.9,,,,,3.9,3.1,,4.4,,,1.7,1.3,,,4.2,0.8,1.3,4.1,,,,,4.4,5.0,1.8,,1.3,,,3.0,5.0,,,,3.9,,0.1,,,0.7,,,2.0,,,,,,3.6,0.8,,,,,,1.9,4.6,,,,,,,,,1.8,,3.4,,0.7,,2.3,0.3,,,,,,,0.8,,3.4,2.5,,,,,,,0.1,,,,,,,,,0.4,1.6,1.9,,,,,,0.7,0.0,,,1.9,,,,,,1.4,,,,,,,,,,,3.9,2.2,0.6,,,,3.7,,,,1.0,,,,,,,,,,,,3.8,0.8,,,3.8,3.4,,0.4,,,,0.7,2.0,,0.8,,,,,,,,,4.5,1.8,,,,,3.2,,,,,2.1,,,,,,,,,,,,,,2.9,,2.0,,4.5,,1.1,2.6,,,,3.7,,2.8,5.0,,,2.3,3.5,3.6,0.5,,0.6,,0.7,1.2,,,4.4,,0.7,,,,,1.2,,,0.6,,,,2.8,,,,,,,,,,,,,,,,2.7,,,,4.7,4.1,3.2,,,,,,,,,3.9,,3.1,3.6,3.7,,0.9,,4.6,,,,,,4.1,,,-48.4,-14.8,31.2,,30.5,31.5,9.8,4.5,,-16.4,-15.3,,44.4,-25.5,New,Found,37.0,,,-22.7,,26.4,,-20.3,43.7,23.2,,New,Found,,Found,-1.4,,New,NotFound,New,NotFound,,mobile,NotFound
2987029,1233733,27.77,S,12578,159.5,436.9,mastercard,257.0,credit,449.8,61.0,702.0,,hotmail.com,,11.0,11.0,15.0,9.0,17.0,14.0,9.0,5.0,16.0,4.0,4.0,4.0,0.0,4.0,375.9,,,381.0,316.1,,,,,568.0,,472.5,21.1,563.8,54.5,T,F,,,F,,F,F,,1.2,,,0.7,3.2,3.7,,,,,,0.1,0.7,0.2,,,,4.5,,1.2,,,1.6,,0.8,,,2.9,,,,,,,,,,4.5,,0.8,,,2.7,,2.3,1.8,,2.1,,,,,,3.8,,,,,4.1,,1.1,,,,,,2.6,,,,,,,0.5,,1.1,,1.9,,4.7,,1.3,,,,,4.5,,,,1.0,1.7,1.8,,1.0,,,,,1.6,,,,,,0.5,,,0.5,,4.0,,,,,,,,,,,,1.3,3.0,4.5,0.8,,,,1.4,,,,,,1.0,2.2,,,,,,2.9,2.8,1.2,,,3.9,4.7,,,,,,1.3,,,,,,0.8,,4.9,,0.0,,0.7,,0.6,,,,,,,2.7,,,,,,,4.3,,,1.0,,,,,,,3.8,,,,,,,,,,,,1.5,,,,5.0,,,,0.8,,,,1.8,,,,,,3.7,,,,,,1.6,0.4,,0.3,4.3,2.8,1.9,1.5,,,,,,,,,,,,,0.5,,0.1,,,,2.7,,,,,4.3,,,,,,,1.0,4.6,,,,,,,,,,,,0.1,,,,,,,,,,1.5,,,,,2.6,,,,4.7,,,,0.8,1.0,,2.9,,2.8,,,,2.9,,4.4,,0.8,1.0,,,,,3.8,,0.4,,,,,,,0.1,,,,,,,,,,,,,,,,,,,,,,,,,,,,,,,,,,,,,,,,,,,,,,,,
2987030,1240206,57.5,C,8317,582.5,190.8,discover,239.4,credit,300.7,77.0,1484.1,,yahoo.com,,6.0,2.0,14.0,15.0,18.0,13.0,12.0,6.0,13.0,15.0,11.0,1.0,10.0,8.0,562.6,,,,37.9,,107.4,434.4,193.0,46.3,,113.4,311.1,,,,,F,M1,T,,,T,F,,,,2.8,,,,,,,,,,3.1,,,2.2,,,,2.4,,1.8,,,,,,1.4,,,,0.4,1.6,,,3.3,,0.4,,,,,,,3.4,,1.6,,,,,,4.0,,,,,,0.5,,2.8,,,,3.9,,0.9,,,,,,,0.1,,,3.1,,0.7,,,0.8,3.7,,,,,4.6,,,,,,3.5,,,,0.9,4.5,2.2,,,,0.7,,,4.8,,,,,,0.5,0.2,4.5,,3.1,,,,3.6,,,0.6,,1.1,,4.8,,,2.9,,,2.0,4.7,,3.3,,,,,,4.2,1.8,,,,,,2.3,,,,,,2.5,,,3.6,,,,0.3,,,4.5,,1.3,,,1.9,,3.2,0.4,,,,,4.7,3.0,,,1.3,,,,,,,2.6,,,1.5,1.5,,4.2,,,2.9,3.3,1.1,,0.0,0.8,0.0,,,,0.8,,,,4.6,,1.0,1.6,,1.1,,,,,,,,,,,1.4,4.4,,1.8,,,,1.0,4.4,3.7,0.6,,,,0.2,,,2.5,4.5,,2.2,4.7,4.0,,,,0.6,,,,,,,,,,3.8,,1.8,,,,3.9,2.1,0.3,2.6,,,3.9,,,,1.5,,2.8,4.6,,,2.3,,4.8,3.1,,,,,,4.6,2.9,,,4.7,4.2,,,,,,,,2.5,,2.0,,,1.1,,4.1,,,,,,,0.3,,,4.8,0.5,0.1,3.0,,,,,0.5,,,,,,,-35.7,-42.6,,32.4,,,-17.9,-7.7,21.0,Found,40.7,4.1,Found,New,-38.0,,-5.6,,16.7,,Found,,-35.3,-21.8,,New,NotFound,,NotFound,4.8,NotFound,Found,,,Found,,desktop,NotFound
2987031,1256635,37.32,R,5892,170.2,410.0,discover,438.5,credit,400.2,58.1,,,hotmail.com,,12.0,7.0,18.0,9.0,13.0,5.0,17.0,17.0,8.0,2.0,3.0,18.0,12.0,4.0,,504.7,,249.7,49.7,127.6,143.4,262.8,,,247.6,519.6,,,419.1,T,,,M1,T,F,,F,T,,,,,3.9,,,,,0.6,4.6,,,,,,,,1.1,0.1,,,,,,,,,,,,,3.6,3.1,,1.8,,,4.9,2.4,,,3.1,1.2,3.6,,3.9,1.2,,,,,,,2.6,,,,2.0,,,,,,,,,,2.2,0.9,,,,,,0.1,1.8,,,,1.2,,0.1,,,,,,,,,,,1.8,,1.3,,,,,3.0,,4.8,4.5,,,,,0.9,,,3.7,,,,,,,,0.8,0.3,5.0,,,2.0,,2.1,,,,,,0.9,,0.7,,4.6,2.8,,,,,,0.9,,,1.7,,,,2.7,4.8,,3.9,,,3.7,,,,,,3.3,,,,,1.8,,,,,3.3,2.9,,,,2.5,,0.8,,3.6,0.6,,,,,,4.8,,,,,,,,,4.2,3.2,0.6,2.0,,4.4,3.1,,,4.7,,2.9,,,,,,,,,,,,3.1,,,,,,,4.4,0.1,,,2.4,,,,1.2,,4.5,,,0.8,,4.2,,,0.6,,2.0,,,3.6,,2.2,,,,3.4,,3.8,,4.7,,,,,0.8,,0.9,,2.7,,,,,4.1,,,4.4,,0.4,2.9,1.6,,,,,,,,0.4,,2.1,4.8,,0.2,5.0,,,,2.8,2.9,,,,,,0.6,,0.3,,,,,,,,,,,,,,,,,2.8,0.0,2.8,,0.2,,,,3.6,,,,,,,,,,,,,,,,,,,,,,,,,,,,,,,,,,,,,,,,,,,,,
2987032,1257026,7.72,H,10478,359.6,520.4,visa,172.0,credit,198.3,49.5,,950.8,hotmail.com,,0.0,14.0,15.0,15.0,9.0,14.0,13.0,18.0,19.0,13.0,0.0,19.0,4.0,16.0,,,177.9,,230.1,,,,382.2,,215.4,459.6,,538.6,206.2,T,,T,,T,,F,T,T,,,,,,2.2,1.3,,,,,,,,,0.3,3.5,,,4.0,2.0,,,,,,1.6,,,4.6,,,,,,,2.9,,,,,3.9,2.9,1.6,,,,,,,2.7,,,,0.3,,,,,,,,,,1.4,,,4.1,,,,,,,3.0,4.6,3.8,,,,,,4.5,,,,,,1.8,,,0.5,3.5,,2.4,,,,,,,3.5,,,4.5,,,,,1.4,2.7,,,,,,,,,,,1.8,,,2.0,,0.4,2.0,3.7,,2.7,,,3.0,4.7,,1.0,,0.8,,,4.6,,,2.4,,,,,,,1.8,,,3.3,,,,,2.6,,,3.4,3.0,4.0,,,,2.8,,,,4.3,,,,,,,,,,,,,0.5,4.9,,,,,,,,4.5,,,,3.8,,0.2,,4.7,,,,0.7,,4.5,0.2,,,,,,,,4.6,,4.4,4.2,4.6,3.5,,1.1,2.9,3.6,,,,,,,,,3.9,0.7,,,,3.1,,,,,2.4,,,2.3,,,,,0.1,1.4,2.3,0.0,,1.3,,,,,,1.2,,,,,,,,3.8,,,2.1,,,,4.1,1.8,2.9,,,,2.1,,,,,0.0,,,,,,,,2.2,,,1.4,,3.4,3.4,4.7,,,,,,,2.9,,,,,,,3.6,,1.3,4.2,,2.7,4.3,3.8,,,,,,,,,,0.4,,,,34.3,38.5,,,19.9,43.3,4.7,29.0,15.9,,Found,-18.7,4.7,New,Found,-47.1,,-13.4,21.2,-45.6,,New,,42.5,-17.8,New,New,,New,New,-7.1,NotFound,Found,New,New,New,,mobile,New
2987033,1274285,21.41,S,2965,208.5,273.1,discover,,debit,201.1,62.8,60.8,,hotmail.com,gmail.com,9.0,4.0,5.0,15.0,2.0,1.0,1.0,1.0,9.0,11.0,8.0,12.0,5.0,10.0,,,55.6,526.7,131.5,,70.8,,256.0,,313.3,,443.4,,,,,F,M2,,T,,,F,2.6,4.8,4.4,1.2,2.2,,4.6,,,,,,0.0,,0.4,,4.2,,,5.0,,,,,,,,1.2,,,,,,0.1,,,1.6,,,1.4,,0.6,,,,,,,4.7,,1.7,,2.8,3.0,0.3,3.1,,,,,,,,,,,,,,,,,0.9,,1.7,4.9,4.6,,,1.3,1.7,,,1.4,,,,,1.2,,,,,,,2.2,,,2.4,,,,0.0,0.3,,,,,,,,,,,,,,,0.1,,,,,,,,,,,1.5,,,,3.8,,0.8,2.9,,,,,,,,,,,,,2.6,4.8,,,,,3.0,0.5,,3.3,,4.4,0.4,1.5,,,0.8,2.1,,,4.3,2.2,,,,0.1,,,,0.5,2.4,,,,0.9,4.7,,4.6,4.1,,,4.5,4.3,,,3.7,,,,,,,,2.2,,,0.9,,,,,1.4,,,,3.5,,,,,,2.7,,,,,3.6,,4.2,,,,,,,,2.9,4.0,,,2.7,,,0.6,,3.3,4.4,4.9,,,,,0.3,,1.0,,,2.4,4.4,,,,,2.1,1.0,,2.7,,,,,,,,,,3.5,0.6,1.8,,,,,,1.8,,,,0.7,,,0.8,0.2,,,,,,3.9,0.9,1.7,,2.7,1.5,,4.7,,,,,,2.3,,1.1,,,,,3.6,,,,,0.2,,,,,,1.4,,,,,3.7,,4.3,,,,43.4,,32.6,,-43.4,-21.1,10.8,49.8,43.8,,,New,,-22.7,Found,,41.5,48.2,,,,,NotFound,,33.0,,NotFound,NotFound,New,Found,NotFound,48.9,,Found,NotFound,NotFound,Found,New,desktop,Found
2987034,1275178,141.49,W,1459,330.6,208.6,discover,504.6,debit,115.3,35.2,2886.1,,yahoo.com,,19.0,2.0,19.0,12.0,10.0,13.0,7.0,9.0,6.0,15.0,12.0,3.0,14.0,17.0,,70.6,482.3,,196.4,389.7,,,,,9.4,,,,,,T,,M2,,,T,,T,,2.6,0.3,,,,,,0.6,,,,,,,3.6,,1.1,,4.3,,2.7,,4.7,,0.5,0.8,,,0.2,,2.5,,,0.3,,,1.7,,,,4.0,,,2.1,0.5,,,,2.7,,4.3,0.5,,,,,,2.7,,,2.6,,,,,2.6,,,,,,,,,,0.2,,,,1.4,,,,,,1.6,,,,,,,,,,,4.8,,,,2.1,,,,,,1.0,2.6,3.2,,,,,0.9,,,,,4.6,,,,3.3,,3.2,,,,0.2,1.1,1.3,1.9,,,3.1,4.7,,,3.2,0.9,,,,,,,,2.1,1.6,,,,3.4,,,,,,,0.7,,1.1,,,,,,2.9,0.8,0.4,,,,0.8,,,,2.2,,,,,,,,,,4.1,,,1.5,,1.2,,1.2,,2.0,0.7,1.0,1.4,1.2,,,,4.4,1.1,2.3,,,,0.5,,,,3.7,,,,0.2,,,,,,,,,,,,0.5,,,,1.9,,,0.6,2.4,0.5,,,,,,,,,,,,,3.0,,,,,1.3,4.6,,,,3.9,,,2.0,,,,4.2,,,,,,1.1,,,,,2.3,,4.5,,,1.7,4.4,,2.1,,,1.2,,,2.4,3.1,4.2,,,,,0.2,,,3.4,,,3.1,,4.1,,,,,,,,4.1,1.2,,,,0.7,,,,,,2.4,,,,,4.8,3.5,,3.7,,,,,,,,,,,,,,,,,,,,,,,,,,,,,,,,,,,,,,,,,
2987035,1321014,161.86,H,17038,553.5,145.7,visa,100.7,credit,279.1,92.3,,,,yahoo.com,14.0,13.0,8.0,4.0,18.0,13.0,19.0,14.0,6.0,0.0,7.0,10.0,7.0,17.0,,,294.8,,,396.4,95.5,,7.7,375.4,103.5,,,360.1,518.2,,T,,M1,,,,,F,,0.6,,2.4,,,,,,1.9,1.2,,0.2,,,2.1,,,,,0.6,,4.7,,,,0.2,,3.5,4.1,,,,,4.8,1.5,1.9,,3.3,,,4.4,2.7,,,,4.5,,3.9,4.5,,,,,,3.0,,,,0.2,,,,,,,,3.3,1.0,2.1,,3.0,0.5,3.0,,3.5,1.5,,,,0.2,,,1.5,,,,,,,,,,,,2.8,,,3.0,,2.7,1.5,,,,2.1,,3.7,4.0,2.1,0.8,,,0.0,3.4,3.7,2.4,,,0.3,,,,1.2,,,0.4,,,,,,4.7,2.9,,4.1,,,,,,3.9,3.3,,,,,3.7,,,,,,,3.3,,,,1.7,,0.2,,,,,,,,,,1.6,,3.4,,4.1,,,,,4.3,,3.0,,,,,,,,,,,,0.2,1.5,3.3,,,,,,,,,4.7,,,,,,,2.7,,,,,,,,,,,,,3.7,3.5,,3.9,,,,,1.0,3.6,,2.6,1.8,,,3.1,1.5,,,,,,,4.2,,,,,4.0,,,4.8,3.1,,,,,1.3,0.3,4.9,,,,,,4.6,,,0.1,,,,3.8,,,3.7,,1.4,,,,,,1.5,,,,4.3,0.4,,,4.5,3.8,,,4.1,,,1.7,,1.3,,,,,,,,,,,1.5,4.9,,,,0.1,,,,,,,,,,3.7,,,2.9,,,,,,,,,,,,,,,,,,,,,,,,,,,,,,,,,,,,,,,,,,,,,
2987036,1378702,32.97,C,12988,487.3,182.9,visa,354.0,credit,,18.5,,,gmail.com,,15.0,14.0,5.0,12.0,8.0,8.0,6.0,13.0,17.0,11.0,0.0,13.0,16.0,11.0,,,572.8,,,197.5,174.3,455.7,,143.5,,563.6,471.2,325.6,392.8,F,,F,M1,T,F,F,,,,,,2.0,3.7,1.4,3.4,,,,3.0,,,,2.8,3.9,,,,3.9,,1.8,,1.2,,3.4,,,,,,,,,,0.8,,0.6,,1.9,,,1.4,,,0.9,,3.4,,,4.2,,2.4,1.4,,,2.3,,5.0,,,,2.1,2.4,3.9,3.2,,,,,,,4.1,,,,,,,,,4.4,4.2,1.0,,,,,2.6,,,1.0,,,0.5,,4.2,,4.7,4.0,,,4.5,,,,,,2.4,,,,,1.9,,,,,,,,,1.1,,2.5,,,4.2,,,,,,,4.9,,0.3,,,,,2.5,,,,,,,,,,,,,1.4,,2.3,,,4.0,1.1,,,,4.4,,,2.4,,,,,,,4.1,,2.7,3.3,,,4.5,,,,0.7,1.2,4.0,0.7,,2.9,3.9,3.8,,1.2,3.3,2.7,,0.2,4.0,,1.8,3.4,,,,4.4,,,,3.1,2.7,,,2.7,,,0.0,,2.6,2.0,1.1,2.2,,,,0.2,3.6,1.6,,,,,,0.2,,,1.0,,,,,0.8,,,,,,4.4,,4.6,4.6,,2.4,,,,,1.4,,,,3.0,3.3,,,4.6,,,3.1,,,,4.8,3.1,0.6,,,1.1,3.9,,4.0,,,,,0.1,4.6,,,,,,4.6,4.4,,4.1,,1.2,0.1,,,2.8,,,4.7,,,3.5,,1.8,,2.1,,,,,,1.3,4.0,,,0.5,,3.8,,4.0,2.3,4.8,,3.8,,3.1,,,,,,1.0,,,,,,,,,,,,,,,,,,,,,,,,,,,,,,,,,,,,,,,,,
2987037,1391942,39.51,R,12713,479.2,114.8,discover,359.8,debit,479.4,37.6,2916.5,,yahoo.com,,1.0,0.0,0.0,17.0,16.0,1.0,19.0,4.0,0.0,17.0,10.0,0.0,8.0,10.0,,240.2,,114.9,53.6,,396.0,149.5,,67.1,,,110.0,66.6,416.7,,,,,,T,,F,T,,,4.7,,,,,,0.0,,4.8,,,2.0,,,,,4.9,,4.3,,3.4,,,,0.4,,4.1,,0.2,,,,,,,,1.5,4.1,,,2.9,,,0.0,2.5,,0.8,,,3.1,,2.4,3.8,,0.4,,,1.8,1.8,,1.0,,,0.2,,,,,,1.0,,0.6,,,,,,,0.9,,3.3,,,,,0.8,,,,,3.2,,,,,,,,,,,,4.0,2.3,,5.0,,,,3.1,,,1.1,,,,,0.2,4.9,2.3,,,,,,,0.6,4.5,4.6,,,,,,,,,,,,,2.1,,,,4.4,,0.9,,,2.7,,0.0,,,3.8,,,,,,4.8,3.6,3.6,2.5,,,3.5,0.8,,,3.5,2.0,,,1.8,,,3.4,,,0.3,,,2.6,,,,3.4,,,,0.1,,3.2,,,4.8,,,,,,2.9,3.1,,,,,,,1.6,,,,0.9,1.6,3.0,,,,,,,,,0.2,3.4,,,,,,,0.2,1.9,,,,,0.2,4.4,,3.5,,,,,,,,,,,,,,,,,,0.9,,,1.5,,,,,2.4,3.5,,,,,3.5,,,,0.8,,,,4.6,,,,,,4.9,,,,,2.5,,2.9,,,0.6,,,,0.7,,,,,,0.2,4.9,,,0.6,,3.6,,,,,1.0,,3.8,0.9,,,,,,,,3.7,,,,,2.5,,,,,,,,,,,,,,,,,,,,,,,,,,,,,,,,,,,,,,,,
2987038,1392858,126.89,C,1481,271.5,361.0,discover,287.7,debit,436.4,84.1,,,yahoo.com,,10.0,3.0,10.0,12.0,9.0,3.0,0.0,9.0,9.0,17.0,7.0,13.0,12.0,13.0,,,542.9,343.2,201.2,512.4,,70.2,131.7,,,,,350.2,112.1,T,F,,M2,F,,F,,F,,,,,,,1.9,0.5,2.6,,,,,3.4,,0.5,0.9,,,,,,1.5,,,,,,,,,,,,0.1,4.3,,0.3,3.0,,,2.0,,,1.3,3.4,3.4,,,,,,,,,,,,,2.0,,3.0,3.7,,0.6,,2.4,,,,,,,0.7,,,4.8,,1.1,4.2,,0.0,,1.8,,,1.6,,,,,,,,,4.4,,,,,1.9,3.5,,,,,,1.4,,,,,,,4.5,0.8,,,,,,,,,,,,,,2.5,,,,,,,,3.5,3.9,0.5,,,,,1.6,,,,,,,,5.0,,0.1,,,,,,0.9,2.4,,0.2,2.6,,,0.8,,,,4.9,,,,2.1,1.6,2.1,,,,4.7,,,,,,,3.4,,,2.2,,0.0,4.9,,,1.9,,,,,,3.7,,,,,3.7,,,0.9,,,,,4.4,,,3.9,,,,,0.5,2.9,,,,4.0,0.9,,,,2.6,,,,,,1.4,1.8,,,,,,,2.9,0.8,,,3.4,1.7,,,2.7,,,,0.1,,,4.5,5.0,,,,,,,,3.0,,,2.1,,1.6,,1.6,,,,,,1.9,,4.2,,,,,,,,4.2,,,,,,,,3.7,,,,,,,2.8,,,2.6,,1.9,4.5,1.5,,0.1,4.1,4.9,4.7,,,,,,,4.2,,,,,,,2.6,1.9,,,,,,,,,,,,,,,,,,,,,,,,,,,,,,,,,,,,,,,,,
2987039,1400449,36.53,W,9062,389.9,260.1,discover,525.0,credit,212.5,28.5,,,hotmail.com,,11.0,12.0,4.0,17.0,0.0,9.0,3.0,0.0,6.0,12.0,16.0,15.0,11.0,3.0,531.3,,516.5,549.5,319.5,,,,229.8,483.1,370.2,,361.7,385.7,,,F,,,,,,,T,,4.5,,,,,3.5,1.0,0.6,4.1,,,1.1,3.7,,4.0,1.2,,,0.4,,,0.3,,,,,,0.6,,1.1,,,,,3.5,3.2,,,,1.8,4.8,3.7,,,1.6,2.7,,,,,,0.4,,,3.6,,,4.0,3.6,,,,,,,0.4,,,,,,,2.7,,,,,,,,,0.4,4.8,2.4,,,4.7,,1.8,,,0.3,0.6,1.4,2.2,,,,,4.3,4.8,,,,,,,0.9,,,3.2,2.5,,0.3,,,,0.4,,,,,,,,,,0.8,,,,,,,,2.9,,,,,,0.9,,,,4.7,2.2,,1.5,,,,,1.0,0.1,,0.1,,3.4,,3.6,0.3,,,,,,,3.8,4.1,4.3,,,,,,3.9,3.5,1.2,,,,4.6,,2.6,,,,,4.7,1.0,,,,,,,,1.5,,,4.5,,0.2,,,,4.0,5.0,1.3,0.1,,1.3,,,,,,4.5,2.9,3.9,,3.5,,1.6,,,,,,,,,,,,4.9,,,,,,,,,,,,,,,,,2.0,,,3.2,,,,,0.9,4.2,,,,,,2.1,0.2,0.9,,4.4,,,,,0.8,,5.0,,,,4.2,,,1.3,2.6,,,,,,3.6,,2.1,1.1,4.8,,,0.0,,,1.0,,3.2,4.9,,0.6,,,,3.4,4.0,,,,,,1.5,2.0,,,,3.6,1.0,,4.2,,,,,,,2.4,,,,,,,,,,,,,,,,,,,,,,,,,,,,,,,,,,,,,,,,,,,
2987040,1402304,35.48,C,4341,594.2,183.9,discover,577.3,debit,,27.2,670.2,,gmail.com,anonymous.com,10.0,3.0,1.0,19.0,6.0,1.0,7.0,3.0,10.0,16.0,1.0,15.0,6.0,0.0,321.4,445.9,,303.7,,407.2,348.8,195.4,,167.5,,548.9,,121.4,,,F,,M1,,F,T,T,T,,,,4.6,0.1,,,1.6,,2.3,2.0,3.4,2.1,,0.9,,,,,,,,0.5,,2.5,4.2,,,,2.8,,4.2,,,3.8,,2.6,,,,,,,,4.9,,,,,,,,2.7,,,0.1,,,,,,1.2,,,1.1,4.0,,0.3,,3.7,0.2,,,,,,,1.8,4.8,,,,,,0.5,,,,,,,,1.2,1.6,2.5,4.1,,4.7,,,,2.5,,,,,,,3.3,2.1,0.0,,1.4,4.4,3.6,4.2,2.1,,,,,,,,,,,,,,2.7,,,,1.4,,,,,,2.9,,,,,,,1.9,,,,,,,,,,,,,,,,3.4,,,0.1,0.5,1.7,0.4,,,,3.2,,1.9,,4.1,,3.9,,,,,,,,,4.4,,3.0,,4.8,,4.5,,,,,,2.1,,0.8,,,,3.8,,,,0.6,,,,,2.3,4.0,1.1,,,,,,,,,3.6,,,,,,,,4.9,,,4.2,,,1.5,,1.6,,,,,,,,,,,,2.0,,2.3,3.9,0.7,,,,4.1,,,2.8,,,4.4,3.9,,1.5,,,1.5,,2.5,,,,,,,,,0.4,,,,,,,,0.6,,0.9,,2.3,0.3,,3.6,0.3,,3.0,,,2.9,,4.0,,,,,,,,,0.7,0.1,,0.0,0.6,,3.3,,,,2.2,,,4.3,,,,,,,,,,,,,,,,,,,,,,,,,,,,,,,,,,,,,,,,,,,,,,,,
2987041,1418162,55.99,C,13189,545.3,,discover,219.1,credit,343.6,17.7,,,gmail.com,,10.0,9.0,15.0,4.0,3.0,6.0,19.0,14.0,15.0,0.0,19.0,15.0,9.0,2.0,122.9,417.7,94.8,,,,,,,580.6,172.3,,,49.2,432.8,T,,F,M1,F,F,T,F,T,,2.7,,,4.2,,0.9,,,,,,,,,,,,,,,1.7,,,,1.7,1.0,3.0,,,,,,,0.9,,,,2.2,3.4,,2.2,0.9,2.4,,3.5,,4.7,,1.1,,,,,2.7,,,4.3,3.7,,,,,,1.6,1.4,,,,,0.5,2.6,3.4,,,,,,,,,,,1.8,,,,,,,,,2.9,1.4,0.1,,1.2,2.7,,,,,,,3.5,,,,,3.9,3.9,3.9,,,3.8,,,,,,0.1,,2.7,,,,,,,3.1,,,,4.0,,,,,,,,0.6,,4.6,3.6,,,4.8,,,,,3.8,4.4,,,,,,,,2.9,4.5,,2.2,,,,,,,,,,3.0,,,,,,3.0,,,,2.9,,,,,,,,,,,0.6,1.4,,2.8,,4.1,0.3,0.1,,,2.6,,,,4.6,2.6,,3.2,,,,,,4.6,,,,,,,,,,,,1.9,,0.5,,2.2,,,,,,,1.5,2.9,,,,2.5,,,,,,,1.5,3.4,,,,,0.2,4.3,,,,3.3,4.5,0.9,,2.0,0.1,,,,,,,,4.3,,3.1,1.1,3.5,0.4,,,,,,,4.3,0.4,4.7,,,,,,,,,0.9,2.5,,0.3,,,4.5,,,,,3.1,4.9,0.7,0.1,1.3,3.4,1.8,,,,,,,,,,0.4,,,,,,4.4,,,,0.7,,21.4,,,48.2,-31.0,47.7,-27.4,29.5,,38.4,8.2,New,7.9,-10.1,,,4.1,,18.8,,,,,-4.5,-43.1,,Found,,NotFound,NotFound,NotFound,,,,Found,NotFound,NotFound,NotFound,mobile,
2987042,1464757,8.93,H,1654,358.7,265.9,discover,166.9,debit,444.4,76.9,1750.1,,gmail.com,,10.0,12.0,10.0,5.0,5.0,5.0,17.0,1.0,7.0,13.0,11.0,18.0,12.0,4.0,,8.1,364.2,,,292.4,497.9,,513.9,87.9,481.1,362.6,436.8,,458.0,,F,,M0,,T,T,,,,,,0.4,0.4,4.3,,,4.5,,,,,0.2,,0.1,,,,,,4.2,,,,,0.7,1.7,,,2.6,,0.1,,1.6,,,,,,,,,,,,,,,4.6,,,,,,,4.1,3.4,,0.9,1.9,,2.3,,1.6,,,,,0.3,,4.0,,1.6,,3.8,0.4,3.3,,,,1.2,,,,,1.0,,,,,1.2,4.0,3.2,,2.0,1.7,,0.6,0.9,,3.4,0.3,4.5,4.7,0.9,4.0,,,,,3.8,,,,4.9,,4.2,,,,3.1,,4.5,,,,4.7,0.3,,,,,4.9,,,2.1,,,,,0.5,,,,,0.4,,,,,,,,0.1,,,,,,3.4,,,,,,,,,,4.8,,,,4.3,,4.6,3.4,,4.7,,,4.7,,1.4,,1.2,,,,,2.2,,,,,0.6,,4.3,,,1.5,,,0.8,,,,,3.3,,1.2,4.5,,,,,,,0.4,,,,,,,0.3,2.1,2.1,4.5,,,,,2.6,,4.6,,5.0,0.3,,,,4.4,1.8,2.7,0.9,4.5,,1.1,,,4.4,,1.0,,,0.9,,0.2,4.8,,1.3,,,,4.9,,,,,,,,,,,4.7,,0.8,2.3,,,,4.8,,0.2,2.2,,,,4.1,,,,2.2,,,,,,3.5,,,,,,,,1.0,,,,,,,,1.9,,,,,,,,,1.5,,4.0,,,,,0.6,,,1.7,,2.5,,,,,,,,,,,,,,,,,,,,,,,,,,,,,,,,,,,,,,,,
2987043,1468599,16.83,C,6772,510.0,139.4,discover,353.7,credit,197.7,,,,gmail.com,,0.0,0.0,0.0,13.0,5.0,11.0,15.0,15.0,8.0,16.0,5.0,1.0,12.0,17.0,144.0,415.4,,259.0,,,564.3,,564.5,513.1,,278.5,,,368.2,T,F,,,,,,T,F,,3.2,4.1,0.8,,,1.9,,,1.0,4.0,,,,,2.0,,,3.6,,,3.0,4.3,,,,,3.6,,1.5,,1.9,,,1.2,4.4,,,,,2.4,2.6,,,3.9,,,2.0,,,4.5,,,,4.7,,,,,,,4.3,,1.7,,,,,,1.5,,,,,,,,,3.2,,,,,4.2,,,2.5,4.7,,0.1,,,,4.7,3.9,,,,,,,,,,,3.5,,4.1,,,,,,,,,,4.8,,,,4.4,3.9,1.3,,,,,,,,,1.3,,0.4,,,,3.8,,,,,3.4,1.9,,,,,4.3,,,,,3.0,1.2,,,,,4.2,,3.1,,,,,,,,,,,,3.2,,,,,,,,,,,3.4,,,,0.4,,0.6,1.7,,,,,,,,,,,,,,1.4,0.5,,,,0.0,,,3.6,2.9,3.8,4.1,,1.4,,,2.1,,3.8,,,,3.1,,,,0.9,0.9,,0.3,1.0,,,,1.3,,,,,,,,1.4,,3.7,,1.7,,,,,,,,4.3,,4.7,1.9,,,,1.1,,,,3.5,,,,,1.4,,,0.8,,,3.4,,3.9,,,1.1,,,,1.7,,1.3,,,,1.2,,,,0.4,,3.1,3.8,,,0.1,,,3.6,,0.5,0.2,4.4,,0.6,,,,,3.3,3.5,,4.7,,,0.3,,,1.7,,1.6,,,,4.1,,,,,,,,,,,,,,,,,,,,,,,,,,,,,,,,,,,,,,,,,,
2987044,1500771,27.75,W,16452,114.4,129.3,visa,163.2,credit,465.4,51.0,2165.8,,hotmail.com,,1.0,15.0,1.0,9.0,1.0,15.0,1.0,15.0,17.0,6.0,7.0,12.0,17.0,1.0,,176.9,,94.2,,,,569.2,,,,26.0,,,88.4,,F,,M0,T,,F,,,,,1.5,,,3.7,,2.6,,,0.1,2.2,,,3.6,,,,,,,,5.0,1.1,,0.4,,,,0.3,2.4,3.3,4.9,1.4,,,,,,,,2.2,4.8,2.3,,,,,1.7,1.6,,0.8,,,,,4.6,,1.7,1.2,,,,,,,,,,0.3,,,,,2.2,,1.8,4.0,,,,0.3,,,,,,,4.7,,,0.2,,,,,,,,,0.6,,1.8,0.2,,,,4.8,0.0,,,,,,,,,,,3.9,,,,4.0,,,3.9,,,,,,,2.5,3.4,4.1,,,,,1.4,4.2,4.0,4.2,3.9,,,,0.5,,,2.7,,,2.7,0.2,3.2,1.9,,,,4.4,,,,,,,,1.2,2.1,1.3,,2.0,,,4.9,4.5,,,,2.1,,1.7,1.2,,,,,,4.6,0.3,,,,,0.0,,,,0.8,4.4,,3.3,,4.5,,,,4.5,,0.5,,,,4.5,,,2.0,2.1,,,4.9,0.7,,,,0.6,,,,,0.4,,,1.2,,,2.4,,,,,,2.1,1.8,4.5,0.7,,,,2.2,,,,,,,,,,,,,,,,0.9,,3.1,1.7,0.7,,1.1,0.6,2.9,0.3,2.4,,,,,,,,4.2,,,3.5,,,,,,0.8,,5.0,,0.4,,,,,,2.0,,2.5,,,2.8,,,1.0,,,,,,,,,3.6,,,,,,,,0.8,,,,,0.5,,,,,,,,,,,,,,,,,,,,,,,,,,,,,,,,,,,,,,,,,,,,
2987045,1520666,76.5,C,9460,,441.8,mastercard,201.8,credit,,,,2958.1,gmail.com,gmail.com,14.0,15.0,15.0,16.0,13.0,7.0,7.0,2.0,16.0,8.0,13.0,1.0,1.0,1.0,0.0,226.5,233.9,478.0,453.3,580.6,,,,176.8,,,,210.2,0.0,,T,F,M2,,,T,,,0.5,,2.5,3.0,,,3.0,,,,,3.5,,3.0,1.5,,,,4.0,,,,,,,,,,,0.9,3.8,,,,,,2.3,3.4,1.5,,,4.8,,,,3.0,,,,1.4,3.8,,,,,,,,0.5,,,,4.3,,3.0,,,,,,,2.3,0.4,,2.4,,,,4.2,,0.9,,,3.0,,,,,,4.0,4.2,4.7,,,,,,1.1,,,,,1.5,,,,3.6,0.1,,,2.9,,,,2.7,,,,1.5,,2.0,2.4,,,,,,3.9,,,,1.9,,,,0.0,,,,0.7,,,,4.3,0.3,,,,3.9,1.1,,,,,0.8,,4.9,,4.1,3.9,4.0,,,,,,2.8,,,2.5,,,,,,,0.9,5.0,,,3.1,,3.0,,,,,,,,,,,,,0.4,3.2,,,,,,,,,,,4.0,,,,,,4.2,4.9,4.8,,1.5,3.5,,1.3,,,2.3,,4.6,,,,,,3.5,,4.3,2.6,,,,4.4,1.1,,,1.5,4.0,,,,,,,,4.3,3.8,2.9,,,2.9,,,,,,1.0,4.8,,2.1,,,,,1.3,,,,,0.2,,2.4,,4.4,1.7,4.9,,2.9,,3.5,0.3,1.2,,,3.4,0.0,,,,,2.2,,2.3,,,2.0,3.7,,0.3,,4.5,0.8,,2.8,,,,2.5,3.4,0.6,1.8,,,4.0,,,,,,,2.7,,,2.5,,,,,,,,,,-5.0,96557.0,,,,,,,,,,NotFound,,,New,,,,,,,,,,,,,New,NotFound,,chrome 66.0 for android,,,,F,F,T,F,mobile,
2987046,1575240,179.49,W,14533,361.7,569.9,visa,462.5,credit,436.1,91.0,,,yahoo.com,,2.0,12.0,1.0,0.0,9.0,2.0,12.0,18.0,19.0,19.0,7.0,1.0,7.0,6.0,162.0,,,,87.9,,,,349.6,,314.7,,156.0,,,F,T,T,,T,,F,F,F,,,,,,,,,,4.5,,,1.5,,,,,,1.2,1.0,,2.2,,,3.7,,,,,,1.8,,3.2,,,2.9,,,,3.5,,,1.7,,,,0.9,,,3.6,,,,,2.4,,,,,,,,,0.6,,0.2,1.4,0.2,1.1,,,0.8,,,1.4,,,,0.8,,,,,4.2,,,,,,,1.8,0.2,,,,,,,,,,,,,,4.6,,,,,2.6,,,,,,,0.5,,,,,2.9,,2.9,,,2.0,,,0.2,,,,4.9,,,,,,,,1.5,,,3.3,,,,,,,1.1,,1.9,,1.8,,,1.4,,,,,3.1,,3.2,,,3.6,,,4.1,2.2,3.7,,,4.6,3.4,2.0,,,,,,3.1,4.1,,4.2,,,3.6,,0.6,0.1,,,,0.7,1.0,1.2,,,,2.9,,1.6,0.5,,1.0,,,,,,4.8,2.9,,1.1,,,,0.7,,,,4.8,,3.6,2.1,,,,4.4,,,,,,,,,,,1.4,,2.5,,,,,,,,,,,,,3.7,,,1.2,,,,,,1.4,,1.0,,2.5,,,,,,,,,3.0,,,3.6,,2.7,,,,,3.0,,2.8,1.8,,1.6,,,,3.9,,,,,,0.5,,,,,3.8,,,,1.2,,,,4.3,,,,,,,,2.0,,3.9,,,3.2,,,0.0,,,,,,,,,,,,,,,,,,,,,,,,,,,,,,,,,,,,,,,,,,,
2987047,1579343,70.23,R,17568,246.4,290.2,mastercard,196.6,debit,411.9,60.5,606.0,,gmail.com,gmail.com,9.0,10.0,1.0,14.0,7.0,8.0,10.0,16.0,18.0,14.0,14.0,0.0,2.0,8.0,30.6,15.4,557.0,505.3,,,289.7,430.1,,275.1,,89.8,,,,,F,T,M1,,,,F,F,,,,,,2.1,,,,,,,,,,,3.0,2.9,,4.5,,,,,,0.7,,5.0,,,,4.3,,,,,,,,,,,,,0.7,,,,4.2,0.5,,,,,4.4,,,,1.3,3.3,,4.2,1.5,,,3.9,,,4.4,,,4.6,,1.9,,,2.8,,,,,,,,,,,,,,,,,,,,2.1,2.7,1.1,4.2,0.4,,2.9,,,,,,,,,,,,,2.8,,2.0,1.1,,,0.5,,,,,3.0,,,,4.5,,,,,3.5,,,1.7,,4.4,,,,,1.2,,,,,,4.5,,1.1,3.8,,,3.7,,0.7,,,,0.5,,,,,,,,,,,,3.7,,,1.2,,,1.0,,,1.2,,,,1.5,,,,3.2,,,,,,,,,,4.1,,,,,,,,4.2,,,,,1.8,,4.4,1.0,,,,,1.0,4.5,4.0,,1.9,2.8,,1.1,,,,2.0,,,,1.5,,,,,4.1,,,0.7,,,,4.1,,,,,,,,,,,,0.4,,,,,,4.5,,,,3.4,,0.9,,4.6,1.1,,,,,,,,,,,,,,0.2,,0.5,,,,,4.9,,,,2.9,,,4.8,,2.7,3.1,,,,,,,,,,0.7,,1.6,,,,,,,,1.2,,,1.6,,,,2.2,,,,,,,,,,,,,,,,,,,,,,,,,,,,,,,,,,,,,,,,,,,
2987048,1584864,26.56,W,3029,394.4,323.8,mastercard,,debit,258.9,92.7,2248.8,,hotmail.com,,3.0,3.0,12.0,18.0,7.0,11.0,14.0,6.0,7.0,18.0,4.0,11.0,6.0,10.0,,517.1,,534.8,,,,,92.8,,365.5,422.4,556.7,,,,,,M1,,F,,T,F,,,0.2,3.4,0.0,2.8,2.2,,1.8,,,,3.9,1.9,,,,,3.1,,,,,,2.0,,1.2,0.4,2.8,,2.9,3.8,,2.8,,4.4,1.7,,,,,,,,,,4.9,,,,,3.9,,,,,,3.9,1.7,,,0.5,0.5,0.9,,1.4,,,,0.7,,,4.2,,,,,1.0,,,,,,,4.8,,,,,,,,,,4.8,5.0,,,3.2,,,4.5,4.2,2.2,,,,3.2,,,,,,,,,,,,,,2.0,,3.4,,,,,,,2.4,,,4.9,,1.1,,,0.8,4.9,,,,2.4,3.3,,2.9,,1.1,,,,,,3.1,,,,0.4,,,4.9,,0.7,,,0.8,,,,,2.0,2.0,,,,,,0.8,3.5,0.4,4.1,2.0,,1.1,1.8,,,,,,,2.6,,0.4,,,0.2,1.0,0.3,4.3,,4.5,,,,,,,,,,,,,,,,0.4,,,,3.5,,,,,,,,1.0,,,2.8,,,,,,,0.6,,,,,,,,1.8,,,,,0.9,,,4.1,,3.0,,,2.1,3.4,,,,3.5,,,,,,,,,,,,,,,,,3.0,0.3,,,,,,,0.5,3.4,,,4.8,3.8,,,,,,,,4.5,,,,,2.7,,,,2.6,,4.7,4.2,,4.5,,1.4,,,,,,,0.9,,,,0.9,,,2.2,,,,,,,,,,,,,,,,,,,,,,,,,,,,,,,,,,,,,,,,,,,,
2987049,1594840,18.42,S,7949,368.2,196.9,visa,172.5,debit,383.9,82.3,,,,gmail.com,11.0,6.0,4.0,9.0,17.0,19.0,10.0,2.0,15.0,10.0,4.0,6.0,6.0,3.0,,,366.6,,,,247.8,,,533.9,357.1,134.2,,,334.1,T,T,T,,F,,,T,,,,,,,,,,3.1,,,,0.9,,3.0,,,,2.2,,,,,1.8,,2.8,,,4.2,,,,4.3,,,4.8,,2.9,,,0.9,2.4,,,2.5,3.7,,,,0.0,,1.2,,,,,,2.0,,,3.8,,,,,4.5,,,3.3,,1.4,,2.6,0.7,,4.2,,,0.3,,,,,,0.0,1.8,,,,,3.0,,,1.3,0.2,,,,1.0,,,,,2.6,4.0,,,4.1,,,,0.0,,,2.8,4.1,,,0.2,,,,,,,,,4.1,,0.8,,,,,,0.1,,0.2,,,0.2,,4.6,,,2.9,,,,0.6,,,,,2.8,2.1,,,,,,,,0.5,,,1.8,,,1.1,,,,,,,2.5,,,3.0,,4.8,,4.1,,,,,4.3,4.5,,4.1,,,,,3.8,,2.7,,,,,,3.2,,,,3.9,,,3.3,,,1.8,,,2.2,4.2,4.4,3.7,1.9,4.7,3.2,,,,,,,,,,2.5,,,3.4,,1.6,,,,,,1.1,,,1.5,2.1,,,4.0,,2.0,,5.0,,,2.3,,4.5,,,0.0,,,2.8,,,4.8,,0.4,0.5,,,,,0.7,,,,,,2.8,4.6,,2.4,,,,3.0,,,,3.4,,,,,,3.0,,,,5.0,,,,,2.3,,,1.7,,2.9,2.2,,3.8,4.4,,,,2.0,,,,,,,,,,,,3.0,,,,3.6,,,,,,,,,,,,,,,,,,,,,,,,,,,,,,,,,,,,,,,,
2987050,1670129,30.6,R,9533,241.7,174.0,mastercard,247.9,credit,328.3,82.3,471.8,,gmail.com,,7.0,6.0,10.0,6.0,19.0,1.0,13.0,15.0,0.0,11.0,8.0,16.0,9.0,13.0,,,,4.4,533.4,,193.4,,203.0,129.1,389.8,75.7,541.1,,,,,F,,,,F,F,,,,0.3,,,,3.6,,,,,,2.4,,1.5,,,,,,,,,,,4.8,,,4.9,,2.8,,,,,0.2,,,0.7,,4.2,,,,4.0,,,,,,,3.9,,4.9,,,,,,3.5,3.2,2.2,,1.1,0.7,1.1,2.4,,,,2.3,,,,,,,3.6,1.3,,4.0,,,,2.0,,,,,,1.0,,,,,0.6,,,0.9,,,1.3,,2.8,0.0,,,,,,3.3,,,,1.3,,0.3,,3.2,,,,2.8,3.4,,,,,,4.5,,,1.5,1.2,,,1.0,,,,3.2,4.9,,,1.6,,,4.7,0.1,,3.6,,,2.2,3.6,,,,,,2.6,,,4.6,,,,,,,,,,1.0,,,,,2.0,,,,2.3,,,,,,,2.0,,,,1.2,4.9,,,2.7,,4.8,,,,,,,4.6,,,,,,0.0,,,,,2.9,,,2.8,,,,2.9,,,0.2,,1.9,,,,,0.2,1.4,,3.3,3.8,,,,3.9,,,,,,,,,,,,,,,,,3.7,,,,,1.7,,,,,,,,,2.2,,,,,,,1.3,,3.3,2.3,,2.3,,,1.9,,1.4,,,,,,,,,,4.4,,,,,4.7,,3.8,,,,2.6,2.7,,,3.8,,,,,,,,0.7,,,,,,0.7,,,,2.0,,,,,,,,,,,,,,,,,,,,,,,,,,,,,,,,,,,,,,,,,,,,,
2987051,1674566,34.44,W,11145,102.8,104.4,visa,235.3,debit,277.5,96.8,,,,,8.0,10.0,17.0,3.0,19.0,8.0,18.0,1.0,14.0,18.0,11.0,1.0,12.0,1.0,84.0,290.8,435.9,,37.3,112.7,,,,109.6,,89.9,53.3,86.0,36.2,F,T,,,F,T,,,F,,,,3.7,,,,,2.6,0.4,,1.8,,,,,,4.5,4.2,,4.5,,,0.6,4.8,4.5,,4.1,3.5,,,1.1,,4.2,,,,,3.7,,,,2.6,,,,,0.9,,,,,0.9,,,,2.8,,3.3,,2.4,,,3.4,,,4.3,1.9,,,4.1,3.0,,,,4.1,0.8,,2.4,,,,,,,4.5,,,,4.1,,3.0,,3.1,,1.3,,,,,,,,,2.3,,2.9,2.4,,3.9,,,,,,,,,4.1,4.2,,,0.3,2.6,,,0.4,,,,,,,,,,3.4,4.9,,1.7,,,,,1.9,2.0,,1.3,,,,,,,,,1.4,,,,2.7,,,,,,,,0.4,,1.8,,2.2,,,4.1,,,,,,,,,,,,,,,2.6,,,,,0.8,2.2,,,4.5,,3.8,,3.6,0.4,4.0,,,,,3.9,,2.6,3.7,,1.0,,,,,0.8,3.4,,,,,,,,,,,4.5,2.7,,2.4,1.7,,3.0,,,,2.7,,,,,,,,,3.5,,,2.7,,0.9,,,,,,,,,,,,1.3,,,,,,,3.3,,,1.1,,3.4,1.9,2.7,,,0.9,,,,,,3.9,,,,,0.6,,1.5,,0.1,,,,0.2,,4.0,,,,,4.6,,,,3.2,,3.8,,,0.1,,2.7,,,,,1.2,0.8,4.2,,,2.6,,,,4.9,1.9,,,,,,,,,,,,,,,,,,,,,,,,,,,,,,,,,,,,,,,,,
2987052,1704316,107.69,H,2408,533.9,526.6,mastercard,531.1,credit,120.0,86.7,1258.4,,hotmail.com,,7.0,17.0,4.0,19.0,0.0,16.0,17.0,19.0,3.0,13.0,16.0,2.0,3.0,2.0,,,,,,,,156.3,355.8,,,,203.8,239.2,367.6,T,,F,M0,T,T,,F,F,,0.1,,0.2,,,,,3.5,4.9,0.1,0.3,,,1.6,,5.0,,1.4,0.6,,1.9,,,,,3.4,4.0,3.6,,3.5,,,,,,,,3.4,,,,,,2.9,3.2,0.6,3.3,4.4,4.2,,,2.6,,3.8,2.1,1.5,,,,2.7,,3.3,4.4,,,,1.6,,,,4.9,,4.3,,,,,,2.6,,3.3,,,4.6,,,0.2,,,,,,,4.2,,,,,,,,,1.9,5.0,,,,,,,1.9,3.3,3.0,4.3,4.0,,,0.7,,2.2,,,,,,,0.1,,,,,,,,,,,,,,,,,,,,1.9,2.5,2.3,4.2,,,,3.7,,3.3,,,0.3,,,,,,,,,,,4.9,,1.7,,0.0,,,,4.5,,,,4.6,,,,0.6,,1.5,,,,,,,,,,,,,,,,,,2.8,0.6,,1.8,,,,,,2.1,4.7,,4.3,,,1.8,,,,,,,,0.8,1.1,,,,,,,,,,,,,,,,,,4.0,,,,1.9,,,3.6,3.0,,,,,,,2.0,1.5,,,,4.0,,,0.4,2.4,,,,,2.6,,,,5.0,,,,,,,,,1.4,1.0,,,,1.1,,1.8,,,,,,,,4.2,0.6,,,,,3.1,,0.2,,1.0,,2.0,,,2.4,4.5,,2.7,3.8,2.7,,,,,,,,3.2,,,,,,,,,,,,,,,,,,,,,,,,,,,,,,,,,,,,,,,,,,,,,
2987053,1749825,83.78,S,15787,258.4,473.7,mastercard,,debit,409.6,54.0,2938.9,,gmail.com,yahoo.com,9.0,4.0,16.0,7.0,19.0,5.0,4.0,3.0,5.0,6.0,14.0,18.0,12.0,18.0,,,166.9,437.1,291.3,323.2,,,458.5,,,3.7,133.6,292.7,,F,F,,M1,T,,,F,T,,2.3,,,,2.4,,3.0,3.2,,1.4,,3.1,,,0.9,,,,1.8,,,,,,3.9,,,0.2,3.5,2.3,,,3.6,,,,,1.9,1.5,1.1,,,,,,,,,,,,,4.2,,,,3.5,,,,1.6,,,,,,,3.5,,2.9,,4.9,,,2.5,,,,,,4.7,,1.2,,,,,,,2.4,2.6,,,,,0.2,,0.0,,,,,4.0,,,,,4.8,,,,,,,,,3.1,3.1,4.5,,1.6,,,,,,,,,,2.5,0.4,3.7,,,,,,,,,,,,,,,,2.6,,,3.9,2.2,,1.4,,,1.6,,,,2.7,,,,,4.1,,,,,,3.8,,,,,1.4,4.4,,,1.5,,4.2,,,4.6,,1.9,,,,,,3.0,,,,,,,1.6,,,,,,4.9,,,,,2.1,,,0.9,1.1,,,3.1,,,,,,,4.7,2.6,,,,,3.6,,,,2.9,,2.7,4.1,,3.5,,,,,,,,,,,,,,,,,,,,,1.9,,,,0.2,2.5,,,,0.9,,,,,1.9,,,,3.9,,,,,,,,4.9,,,,,,,,3.3,,,,,,2.4,,,,,0.6,,,,,,,,,0.5,,0.2,,,,,,,,,,,1.2,2.2,,,,4.9,,,,25.8,-13.3,47.8,,,41.8,,42.1,,,-22.1,,-11.6,,,,40.4,-9.7,-12.3,,,49.6,,31.7,-37.4,27.2,Found,,NotFound,,Found,46.4,NotFound,,NotFound,,New,NotFound,mobile,
2987054,1794667,10.52,H,2045,471.9,394.8,visa,255.9,debit,484.3,,,,gmail.com,,10.0,9.0,1.0,18.0,11.0,12.0,11.0,4.0,9.0,1.0,11.0,2.0,2.0,17.0,,,203.2,365.2,,544.7,,1.9,572.8,,,,,399.7,319.1,F,F,T,M0,T,T,F,,F,,,1.7,,4.0,,1.6,,,,,2.8,,,,,0.9,,1.2,,1.0,,3.2,3.7,,4.3,,,,,,4.0,,,,,,0.5,4.7,,,,,,2.0,2.0,,,2.6,2.6,0.3,3.0,4.5,3.7,1.2,,,,3.5,,,,3.7,,,,,,,,,4.3,,,,,,,,4.8,,3.8,1.0,0.4,,,,,3.6,,,2.6,2.3,,,,,,,,,,,,,,,2.3,,,,0.6,,,,0.8,,,,,,2.9,,,2.1,,,,,4.7,,,,,1.3,,,1.3,,1.3,1.8,,,3.8,4.7,,,,,,,,4.3,,3.0,1.4,,,1.0,,3.9,,,,,,,,,2.1,1.6,,,2.9,,4.4,,,,4.8,,,,,,,0.3,2.2,,4.3,,,2.8,5.0,,4.6,0.4,,0.2,1.9,,,0.6,,,4.6,,,,3.2,2.8,1.7,0.1,,,,,,3.6,,,,0.7,,,,,2.9,5.0,2.3,1.8,4.2,,1.2,,1.5,,0.5,,,,1.5,,2.7,,,,1.4,,,3.4,3.1,1.1,1.4,,,,,,,,,4.6,,,,,,4.7,,,,,,,1.5,,4.7,,,,,,,2.3,,,,,,,,,3.2,,,,,,,,,,,0.6,3.5,,,4.0,,2.1,4.1,,,4.0,,,,,,,2.0,,,,1.3,,,,3.9,1.9,,,,,,,,,,,,,,,,,,,,,,,,,,,,,,,,,,,,,,,,,,,,,,,,
2987055,1833502,38.39,H,8246,283.1,439.8,visa,275.8,credit,255.6,90.5,,,gmail.com,,0.0,9.0,3.0,10.0,8.0,17.0,7.0,0.0,10.0,13.0,4.0,0.0,6.0,17.0,373.5,,,,85.4,593.3,357.9,382.3,,,22.5,556.0,574.2,,,,,T,M1,F,,T,F,,3.3,0.1,4.9,,3.9,,2.8,,,,,1.6,,,,,3.4,,,,,,,4.2,,3.6,0.8,3.5,,,,,2.9,,,,0.2,,,,,,,1.2,,,,1.1,,,,,,,2.0,,,,,1.4,,3.7,,0.2,,4.9,,1.0,,0.2,,,4.9,0.9,3.9,,1.5,,0.9,2.6,,,,,,,,2.0,,4.9,2.2,,0.8,,,4.0,,,,,,,,,,,4.4,3.6,2.5,,,,0.4,,,3.2,4.3,,,,0.9,3.3,,2.5,,,3.2,,,4.0,,3.1,,,1.8,,1.3,,,,,,2.1,4.4,,,,3.8,,,,,,0.3,4.3,,2.5,,,,,,,,,,1.1,2.6,,,,,,,,4.7,,,,,,,2.0,,,,,,,,,,1.5,,,4.7,,,,0.9,,,,,4.4,,,4.0,,4.6,1.5,1.2,,,4.7,1.9,,1.9,2.6,4.4,,,3.3,,,,2.5,3.4,,,,,,,1.2,,,,,,,,2.2,,4.4,,,,,,,,,4.3,,,,,,1.4,3.4,,,,3.4,0.5,,,,,3.7,0.7,,,,3.1,4.8,,2.9,,,,,3.7,,,,,,,,,,,,,,,,2.2,,,,,,3.9,0.2,,,4.4,,0.9,3.1,1.9,,3.3,3.9,,,,,,,,,3.4,0.4,,,,,,,0.4,1.5,,0.4,,,,,,,,,,,,,,,,,,,,,,,,,,,,,,,,,,,,,,,,,,
2987056,1856900,83.32,S,13611,473.3,119.9,mastercard,383.1,credit,,47.3,1013.8,2180.0,hotmail.com,,15.0,19.0,18.0,0.0,5.0,14.0,11.0,3.0,1.0,0.0,19.0,2.0,17.0,6.0,,,390.2,,,394.9,,107.5,149.6,103.3,222.8,113.5,,402.4,517.7,T,,,M2,,,T,,,,,,,,2.7,2.6,,4.0,4.7,,,0.8,,,3.9,2.3,0.2,,,,,2.3,2.1,,3.7,,,,1.0,,,,,,,1.6,,5.0,,3.5,,1.2,,,0.4,,,2.0,2.0,,0.2,,,0.4,,,,,,3.4,,0.2,,,0.2,,,,3.8,,,,,3.4,0.5,,4.2,,,,,,,0.8,,,,,,,0.5,,,4.8,,3.2,3.9,,2.8,,,,,,3.0,,,1.5,,2.6,,,2.1,0.3,0.5,3.1,2.4,,4.2,,,,0.7,,1.8,,,,,3.8,2.0,1.1,,,,,,,,,,,,,,4.1,,,,,,0.2,2.1,,,,,,0.2,,,,3.6,,2.0,,0.4,0.9,,1.5,,,0.1,,,,,,,,0.4,,4.9,,,,,,,,,,,1.2,,,,,,,,,4.2,4.4,,2.1,,,,,1.0,0.3,,0.6,,,,0.3,,,,4.0,,,,,0.8,,1.3,,,,0.6,3.4,,,,,,,,,,,,,,,,,3.3,,,,3.5,2.7,,,,3.3,,0.5,,,,,2.7,,,,,,0.0,,,,1.8,1.3,,4.2,,,2.1,,1.6,,,,3.2,,,,,0.4,,,1.4,,1.4,,,2.1,,,3.4,4.2,3.8,1.0,,,,1.2,1.8,0.2,,,,,,1.0,,,1.0,,,,,2.2,,2.7,,3.9,,1.1,,,,,,,,,,,,,,,,,,,,,,,,,,,,,,,,,,,,,,,,,,,,
2987057,1858960,152.25,S,15513,,524.3,visa,305.0,debit,165.9,34.9,1.6,,yahoo.com,,8.0,4.0,0.0,15.0,19.0,18.0,14.0,11.0,7.0,9.0,14.0,7.0,5.0,4.0,147.2,,213.4,,,,,,,,437.4,160.5,256.9,,93.9,T,,F,M1,T,F,,F,,,,,,3.6,,,,1.4,,,,,1.6,,,,,,,,,,0.5,,4.4,5.0,,,,,3.6,,,4.4,,,,,1.5,,,,2.5,,,,,4.7,,,,,,3.0,,,1.0,2.5,3.1,,,,,,,,,,4.1,,2.5,,4.2,1.3,3.1,,,3.4,,,,2.5,,4.0,,,1.0,,,,,,2.1,,3.9,,,,,,,,,,,3.6,1.5,4.0,,3.5,,,,,,,,,,,,,,,,,,,1.0,,,,,,,,,,,3.4,,1.1,,,,,,,,,,,,,,,,,,4.9,,,1.8,,0.2,,,2.1,0.3,1.7,,,,3.8,,,,0.3,,2.8,,,,,0.7,,,,,1.7,,,0.6,1.1,,,,,,,4.2,,3.2,2.3,4.2,,,0.3,,0.8,1.9,4.2,,,,,,4.5,,2.0,0.1,,0.6,,,,,,,,,,,0.1,,0.3,,2.1,,2.1,0.2,,3.9,,,,,,,1.4,4.4,0.9,,,,,,,,4.4,,,,3.5,,4.4,,,,2.4,,4.0,0.5,,,,4.9,,,,2.4,3.2,3.9,,0.8,,0.8,4.6,,,,0.4,,0.5,,,2.4,0.2,,,,,1.4,,,4.4,4.9,,4.6,,,,1.8,,,,3.5,,,,2.3,2.6,,,,,,,,4.5,,,,2.3,3.5,,,,,,,,,,,,,,,,,,,,,,,,,,,,,,,,,,,,,,,,,,,
2987058,1887541,12.55,W,12300,328.8,567.6,discover,455.2,credit,443.6,85.0,769.5,,gmail.com,,12.0,18.0,16.0,17.0,0.0,3.0,7.0,13.0,6.0,16.0,1.0,10.0,11.0,1.0,524.5,82.7,189.0,393.3,,307.7,138.0,344.7,402.7,,,,238.5,,,F,F,F,M0,,T,F,T,F,,,0.5,,0.4,1.2,,,,,,,,,,,,,,4.1,,,,,2.9,2.8,,,,0.5,,4.0,1.6,,0.5,,4.2,3.9,,4.6,,,,,1.9,,,,,,2.7,,4.1,,,,2.3,0.7,,,0.8,,,,,0.0,,,,2.4,,1.5,,3.9,,0.8,,,,2.4,3.1,,,,,,0.9,,,,,,0.2,,,,3.0,3.6,,,,,,2.0,1.9,0.6,,,,,,,0.1,,,,,,,0.8,0.0,,4.4,,1.5,,,,,,,,,,2.9,,3.0,,,,,,,,3.4,3.7,,,0.8,4.6,,,,,,1.6,,3.4,,,0.8,,,,,,,,,0.5,,,,,,1.9,,,,1.0,,,,,,1.1,,,4.6,,,0.0,0.7,,,4.6,0.3,,,,,,,,,,,0.8,,4.6,0.5,,3.2,4.2,,,,,,,,4.7,,,,,,,,2.0,,,4.8,1.4,,,4.7,,,,,0.5,,,,,1.9,4.3,2.1,,5.0,,,0.4,,,,3.7,1.1,,3.4,2.9,2.8,2.7,3.9,,,,,,,4.7,3.6,,0.1,,,,,,2.0,,,,,,0.7,,,,,0.3,,,,4.0,4.7,2.4,,,,4.5,,,,,,,2.0,,3.8,,2.4,2.7,,,,1.2,,,,,,,,,,,,,,,,,,,,2.2,1.0,,18.7,,,,,-47.8,,20.8,-0.9,-30.8,,10.0,41.3,NotFound,Found,,32.2,,42.4,,-34.8,NotFound,,-10.7,,,Found,,New,New,,New,New,,,NotFound,NotFound,mobile,New
2987059,1888075,9.37,S,11449,556.8,,visa,523.4,credit,189.7,48.1,,,hotmail.com,,4.0,10.0,11.0,16.0,2.0,4.0,3.0,8.0,7.0,10.0,11.0,2.0,1.0,19.0,,305.4,378.6,425.2,16.6,578.8,258.0,63.0,193.2,67.9,,7.1,74.0,288.7,,,F,,M0,F,,,,,2.4,,4.8,,,,,,,,,4.9,,,3.2,,,,,,,,0.2,,,,,,,2.0,3.5,,,1.4,1.1,,0.4,,,,,,2.4,0.1,,,,,,,,,,,,3.7,,,,,,,4.6,,,,,,,2.0,,,,2.0,,,,,,,,3.7,,3.8,,,,2.0,,,,,1.3,,,,,2.4,1.8,4.8,,,,1.0,,,,2.2,,,,,,,,4.6,,,,,2.4,2.0,2.4,,,3.8,4.7,0.3,,,4.1,1.9,4.7,,,,,,,,4.9,2.0,,2.4,3.1,,,2.8,,0.3,,3.3,,3.5,3.2,2.0,,0.6,,,,,2.5,,,,,,2.8,,,,3.3,,,,,1.1,3.5,2.6,,2.6,,,,,,2.4,,,,,,,1.4,2.3,,,2.6,3.3,3.9,,,,1.3,,,,3.3,,1.0,4.4,1.6,0.3,,,1.9,,,2.3,,,1.8,0.2,,2.3,,,,,,,,,,3.3,,,4.8,,0.3,2.8,,,,2.7,,,,,,,,4.0,,4.5,3.4,,,2.5,,3.2,,,,2.9,,0.9,3.3,,,,2.6,,,1.9,1.7,,,4.7,,,,0.4,,1.6,,2.5,,,4.7,,,,2.4,0.6,,,,0.7,0.3,3.9,4.8,,,3.1,1.9,0.3,,,,,0.3,,0.7,,,,,,,,,,2.5,3.0,,2.3,,2.7,,,,,,4.9,,,,,,,,,,,,,,,,,,,,,,,,,,,,,,,,,,,,,,,,,,,
2987060,1968705,24.83,R,15803,348.2,449.8,mastercard,224.9,debit,397.5,65.6,,,yahoo.com,,17.0,3.0,19.0,12.0,10.0,5.0,15.0,19.0,11.0,15.0,14.0,17.0,0.0,14.0,271.8,,190.4,547.8,,568.0,,,,,,298.1,347.7,204.4,410.1,T,F,F,,F,F,T,F,,,,2.3,,,,,,,,,,,,,0.3,4.9,4.2,,,,3.8,,,,3.4,,,1.8,,,1.5,,,4.0,,,,,2.3,,,,,,4.3,,,3.6,2.6,,,,,3.7,4.7,,2.2,1.0,,,,,,4.1,3.2,,,,0.4,,,4.8,1.1,,1.7,,,,1.9,3.4,,,,,,,,1.1,1.4,,1.1,4.9,0.2,,0.6,,,,0.3,,2.2,,,,,,1.6,2.0,,,4.2,4.5,1.2,,,,,4.3,,,,0.3,,3.3,,4.0,,,,1.7,1.3,,1.0,,,,1.5,,,,,3.0,3.3,4.5,2.4,,3.8,,,,,0.1,,4.7,,,,,1.5,,1.6,,,1.7,,0.1,,0.1,,1.0,3.5,,0.7,,,,0.7,,,2.5,,,,4.2,,,,,,,,1.8,,,,,,,3.4,0.8,,4.9,,2.7,,3.9,1.4,1.9,4.5,,,,,2.0,1.1,,0.9,,1.2,,,,,,,,0.9,,,2.2,,,3.9,,,,,,,2.6,,,,2.9,,,0.9,,,,1.1,,,,2.6,,,,,,,,2.0,2.3,2.3,1.8,2.0,3.5,,,,,,1.9,,,,,,1.1,,,,,,1.3,1.1,,2.9,0.9,0.1,0.9,,,,,2.5,,0.3,4.9,,,4.4,,,,3.7,,0.6,3.0,,,,,,,,4.0,1.2,,,,4.6,,1.2,,1.3,,,0.9,4.5,,,1.5,4.0,,2.5,1.1,,,,,,,,,,,,,,,,,,,,,,,,,,,,,,,,,,,,,,,,
2987061,1976109,402.09,H,3642,510.4,298.4,discover,561.5,debit,137.8,37.9,,,hotmail.com,,0.0,6.0,12.0,18.0,13.0,19.0,5.0,10.0,0.0,0.0,17.0,4.0,17.0,11.0,,,,,,183.6,,524.2,,529.9,189.6,,350.1,220.9,,F,F,F,M2,T,T,F,,T,,,,,,2.3,,,4.1,1.5,,,,,,1.2,,,,,2.9,,1.9,,3.8,,,,1.6,,3.0,0.1,3.7,,0.6,0.1,,,,,0.1,,,,,,1.3,,,,,,3.7,,3.3,3.8,2.3,,,4.0,,,,,2.9,3.6,,,1.5,,,0.9,,,2.4,,1.5,,,,,,2.3,,1.0,,,,,,,,,0.2,,2.4,,1.1,,,,,,,2.3,,3.3,,,,,4.0,0.7,2.0,2.6,,,,,,0.9,1.8,2.2,,,,,,1.9,,4.2,4.2,,,,2.2,,,1.8,,,,,,4.3,2.3,,,,,,0.2,,1.1,,,,1.5,,,,,3.0,,,0.5,3.0,,,,,3.9,,,,,,,,,0.3,,,,,,,1.9,,,,,,,,,2.8,,,,1.7,4.8,,,,4.7,,2.9,,2.5,,4.6,,0.5,,,,0.3,,,,,2.9,,,,3.5,,,4.0,,,,,,4.7,,,4.5,,2.8,0.2,,4.4,,,1.2,,,,,,,,,,1.2,,,0.7,,,,,,,4.8,,,0.7,1.5,4.0,,,2.8,,,,,,,,,0.6,,,3.5,,,4.1,,,,0.4,1.9,,,,,3.1,,3.6,,3.8,2.3,2.9,3.3,,2.0,,,,,,,,3.3,,,,,,,,,,4.1,,,,1.9,3.6,,,,,,3.6,,,,,,,,,,,,,,,,,,,,,,,,,,,,,,,,,,,,,,,,,
2987062,1976477,191.13,W,17227,279.0,553.2,discover,386.3,credit,496.5,95.4,,,hotmail.com,anonymous.com,17.0,12.0,12.0,8.0,19.0,15.0,2.0,2.0,12.0,13.0,0.0,6.0,6.0,6.0,,,545.3,588.4,473.8,,,471.4,,578.5,373.0,580.3,214.6,482.3,,T,F,T,M1,,F,T,,,,4.1,4.8,,,,,,4.8,,,,,,,,,2.2,,1.1,,,2.6,,,,,,,1.4,,,,,,4.0,,,,,,,,,,,,,1.0,0.6,,,,,,4.5,,,,,,,,,,,,1.5,0.5,4.9,,,1.4,0.4,2.8,,,,,,,,,,,3.1,3.3,3.7,,4.9,,,,,,5.0,4.3,2.9,4.7,,,,,,,,0.9,,4.2,0.0,,,1.1,,,,1.6,,3.9,3.4,,,,,,,,,,,4.6,,,,,,,,,3.4,,,,,,4.2,1.2,3.2,,,,4.3,4.4,,,,,,,,,0.1,2.5,,,,,,,,,,3.6,,,,4.9,,,,,,2.3,2.8,0.8,,1.7,,2.5,0.1,,,,3.5,,,,3.1,,3.2,,,1.1,,2.8,,,,,,,,,,,,1.1,,1.0,,,0.7,,,,3.6,3.4,0.0,,,,,0.4,,,,,,,,,,,,,,,,,,,4.3,,1.5,,,,,4.7,,,,3.2,2.9,,,,1.5,,,,,,,2.3,2.7,0.2,,,,,,,,,,2.0,,,,,,,,2.2,,,3.3,1.8,,,2.6,,,2.5,,4.6,2.5,,,1.2,3.4,,,4.8,4.3,,,,,,,,,,,,1.1,2.4,,,3.6,,,0.9,,2.0,,,,,,,,,,,,,,,,,,,,,,,,,,,,,,,,,,,,,,,,,,
2987063,2072421,14.96,R,2898,468.5,194.6,visa,117.1,credit,469.3,12.0,,,,,13.0,12.0,19.0,8.0,2.0,15.0,2.0,12.0,1.0,16.0,2.0,6.0,16.0,3.0,,193.7,583.4,276.5,,313.9,,349.1,235.4,,,251.5,,224.2,,,T,,M1,T,F,,F,T,,,0.4,,,,3.0,,,,,,,0.0,,,3.8,,3.0,,0.2,,,,,,,0.1,,,4.4,,,1.4,,2.4,,,3.0,,,,4.7,0.7,,1.6,1.6,,1.1,,,4.1,1.2,,,2.7,,,,,,4.9,,,,,,4.1,,,,,3.3,,,,,3.3,,0.1,,,,,3.9,4.0,,,,3.9,,,,,,,0.2,3.7,1.6,1.6,1.4,3.7,,,,,,,2.3,,,,,,,,,,,,,,,,0.6,,,,,0.0,1.0,,,2.9,,0.9,,,2.1,,,,,,5.0,,,,0.9,2.3,,1.5,,,,,,,,,3.5,,,,,,,,,2.6,3.2,,,1.5,,,,,1.2,,,,,,,0.6,,4.5,,,,,0.3,,,,,,,,4.2,,,,,,2.4,,,,,1.9,,4.1,2.1,,,,,,3.1,,,4.2,,,,4.5,4.1,0.1,,,,,,,2.2,,,0.3,2.7,,,,,,2.9,,0.1,0.3,3.0,,,,,,0.2,,,,0.3,,,4.9,,,,,,,,4.5,4.9,4.8,,,,,,,,,2.0,,,,,,,,4.8,4.6,,3.4,0.8,,,,3.5,0.9,,,,,,3.0,,,,,,0.0,,1.6,,1.1,,,,2.7,,,,,,,1.5,,,,,,,,3.7,,,,,,,,,,,,,,,,,,,,,,,,,,,,,,,,,,,,,,,,,,,,
2987064,2166414,71.76,R,17995,584.3,337.0,discover,472.7,credit,443.3,28.0,2805.4,,hotmail.com,,19.0,5.0,7.0,6.0,9.0,14.0,14.0,18.0,10.0,17.0,3.0,5.0,15.0,11.0,210.3,54.3,,159.7,,,,327.6,,,137.8,542.5,,471.8,139.2,,,,M0,,F,,F,F,1.7,,,,,,,,,,,,,,,1.0,,3.6,,,1.9,,,,,1.6,,,,2.1,2.5,,,,4.7,,,,,,3.6,,,,,,0.6,,,,4.9,,,1.6,,,,,,2.5,,,3.8,,1.0,3.5,1.2,3.0,,,,1.0,,3.3,1.9,2.9,,,1.8,0.9,3.6,,,,,,0.3,4.9,,,,,,,,,1.7,,,,,2.8,,,,,,,,,,4.3,,4.1,0.8,,,,,,,,,,,,,,,,,3.5,,,,3.2,,,1.0,3.3,1.2,,,,0.2,,0.1,1.2,4.7,4.8,4.5,1.8,4.2,,,,,3.1,,,,,3.1,3.0,,,2.3,,,,,,,,,,0.5,2.1,3.0,,,1.5,4.4,3.1,,4.0,,,3.5,,,,,,,4.1,,2.9,,,,0.6,2.4,,,2.2,,0.3,,1.6,,,1.5,0.4,,,,,,,,4.3,,,3.2,,2.8,,,,,,1.2,,,,3.4,,,,,,,,,,,0.2,,,,2.6,,,,4.3,4.7,1.8,,,,4.6,,,,,,,,,,0.6,2.1,,3.8,,,,1.8,0.9,,0.2,4.1,,,,1.0,,1.6,2.0,,2.4,,,,,,,4.8,4.3,,,,4.7,,0.7,,,3.6,,,,,2.7,,0.7,4.6,,0.1,,0.2,,,,,4.6,3.4,1.7,,,1.1,1.3,,2.1,,,,,0.8,37.0,-17.8,47.9,-22.8,,-8.2,,,-9.3,,-47.6,NotFound,,-27.6,NotFound,,-37.4,-37.6,-18.0,37.7,-5.2,,New,-47.2,39.2,-47.4,NotFound,Found,,NotFound,New,45.4,,New,NotFound,,NotFound,New,mobile,New
2987065,2171989,48.18,H,4460,460.1,261.7,mastercard,182.6,credit,,25.8,,789.5,hotmail.com,,6.0,3.0,5.0,5.0,17.0,11.0,10.0,10.0,14.0,5.0,2.0,13.0,12.0,16.0,292.3,,,,,342.7,,318.4,,9.6,87.2,87.9,158.6,163.6,120.9,F,T,T,M2,T,T,T,F,T,,,3.7,4.9,,,,1.9,3.8,4.1,,,,,,,,0.6,0.4,,0.9,,2.3,3.8,2.7,,,2.8,1.3,,,,1.2,0.3,4.1,,0.8,,,,0.9,,2.7,,2.4,1.6,0.2,,4.2,,,,3.7,,,,3.7,,2.4,,0.1,4.1,0.2,,,,4.9,3.4,1.2,,,,,1.5,,,,,3.7,,,,4.9,,2.3,,4.0,0.4,2.3,,,2.6,,,,,,0.4,,,,,,0.2,,,3.7,2.2,,,,,,1.5,,2.1,4.0,,2.2,,1.3,,,,,,,,,,,,,,,,4.2,,,,,4.3,,,,,2.6,,,0.2,2.1,,,,3.5,,4.3,0.1,4.7,,,0.5,,,,,,,2.7,,,1.6,,,,,2.4,4.4,3.9,,0.5,,,1.9,,,1.5,,,3.7,,,,,1.3,,2.8,,,4.7,,,,,,,,,,0.4,,,3.3,3.2,,,,,,,4.9,,,1.8,,,,4.9,,,0.8,,0.7,4.4,4.5,4.8,,,,,,,0.7,,2.0,,,0.2,,3.1,,,,,,5.0,4.5,,,,,2.8,,,,,,,,,,,,,2.0,2.1,,,3.0,,,,,,3.4,,,,,0.4,,,,,,2.1,,,,4.2,,,,,,2.9,,,1.4,,,2.3,2.5,3.5,2.7,,,,,,1.7,,0.9,,,,3.4,3.7,,,,,,,0.6,,,,,12.3,,-35.2,,35.7,-2.7,34.3,-13.9,38.7,-34.4,-40.7,NotFound,,24.0,,NotFound,-17.3,,9.1,-45.2,-14.7,-4.7,,,,0.6,NotFound,Found,NotFound,NotFound,NotFound,,New,NotFound,,NotFound,,Found,mobile,Found
2987066,2182416,29.0,W,17682,352.9,545.2,visa,,debit,271.0,87.0,,,gmail.com,,1.0,6.0,15.0,15.0,16.0,18.0,10.0,6.0,3.0,14.0,17.0,19.0,33.0,5.0,77.0,,,,306.9,,,588.7,5.6,3.7,117.0,345.2,,575.0,196.0,F,,F,M0,T,,F,T,,,,,,,,,0.1,,,,1.0,,2.8,4.6,,,2.7,,,3.5,,,,,,4.4,,,,,,,,,2.3,1.7,,2.4,,4.6,,2.8,3.1,,,,,3.3,0.8,,4.6,,,,,,,4.2,,,4.0,4.0,0.6,,,,,,1.7,,1.4,,,,,,,,,,,,2.7,4.9,2.9,,1.5,,,,,,4.0,0.6,,,4.3,,,,,,,,0.5,,,4.7,1.0,3.6,,,2.6,,2.7,1.0,,1.1,4.3,,,,,,,,1.7,,,,,,2.6,,,,,,1.7,,,,,4.8,,,,2.1,,,3.2,,,2.7,,1.4,,,,,,,2.3,,,,,,,,4.0,0.5,2.7,,1.1,,,,4.3,,,,,,,4.5,,4.3,,3.8,,,,,2.6,,4.9,,,,,,,,,,1.9,,,,1.6,2.5,,,1.2,,1.5,,,,4.6,,,1.1,,4.2,,,,,3.6,,,,,4.8,,,,,,,2.3,2.9,,,0.3,,,,,,,4.6,1.7,,,,0.4,,,2.4,,,3.6,,,,,,,,,,,,,,,,,4.3,1.9,,,,,2.3,,3.6,4.7,,,0.4,,,,,0.3,4.3,3.4,,2.9,2.0,,3.8,,,,,,4.7,,,,,,,,,,,,3.9,,,0.7,1.2,1.0,4.1,,,,,,,,3.0,,,,,,,,,,,,,,,,,,,,,,,,,,,,,,,,,,,,,,,,
2987067,2238537,212.3,C,8959,599.3,180.0,mastercard,563.6,credit,,61.9,1122.7,,yahoo.com,,6.0,8.0,14.0,14.0,17.0,11.0,15.0,12.0,3.0,3.0,3.0,19.0,18.0,11.0,,87.1,,,31.9,,,,40.7,,,,,165.0,25.8,T,F,T,M1,T,T,F,F,,,,,,,4.0,,,0.2,,,,,2.2,2.0,,,,,,,,0.0,,,,,3.7,,,,1.0,,1.7,2.4,,,,,,,,,,,,,4.0,3.6,4.2,3.2,,4.0,,2.0,,,0.1,,4.0,,,,3.6,,4.5,,,,,3.2,3.4,,0.6,,,,,,,,4.0,,,,,,,,,,,,,3.2,,,0.3,,,,,,,,,,3.2,0.9,,,,,,0.1,1.9,,,,,,4.5,,1.2,,1.8,,1.6,2.5,4.9,,,,,,,,3.9,,,,2.1,,,,,,,,,,,,,1.3,2.1,3.8,2.4,,4.9,,,2.2,,4.1,0.7,1.9,1.2,4.2,,,,,,,,,,,,,1.8,,,,,,,2.4,,4.6,,,,,,4.7,0.7,,,,,0.4,,1.6,,,,1.2,,,1.2,,,3.5,,,,0.8,2.3,,,,,4.7,,,,1.1,,,,5.0,,,,,,4.8,,,,,,,2.2,,,2.5,,,2.6,,,3.0,0.1,,2.0,0.2,,,4.0,,2.3,,2.9,3.5,,,,,1.0,0.7,,,,,4.0,4.6,,,2.8,,,,2.6,,,,,3.1,,3.9,,,,,,,,4.2,,,2.6,,,,,,0.7,,0.6,,1.0,,,0.6,,,,4.9,,,,2.7,,,,1.7,,,0.6,,,4.7,,,1.0,,,,,,,,,,,,,,,,,,,,,,,,,,,,,,,,,,,,,,,,,
2987068,2339378,9.95,H,12282,502.1,166.3,visa,141.8,debit,261.9,39.3,,,yahoo.com,,4.0,17.0,8.0,3.0,14.0,7.0,0.0,4.0,14.0,4.0,14.0,9.0,6.0,19.0,,174.0,,557.9,,555.4,,,30.0,270.1,,,,507.8,173.3,T,F,F,,,F,T,T,F,,,1.6,0.7,3.5,1.0,4.0,,,2.0,,0.8,,0.6,,,0.8,1.4,3.8,,2.3,,,,,,4.6,,,1.7,1.5,,,,,4.8,,3.6,,1.6,3.3,1.3,,,,4.4,1.9,,,1.3,,,,,,,,2.1,,1.9,1.8,,1.3,,,,,,,,,,,4.3,,4.2,,,2.8,2.2,,,,1.9,1.5,,,,0.1,,,,4.5,,,,,,3.9,1.2,,1.4,,,,,,,,,,,,3.3,,,4.9,1.0,,,,,,,1.7,2.7,5.0,,,,,,1.5,,,,4.5,3.5,,1.7,1.7,,0.8,,,,,,,1.9,,,2.6,2.6,,,,,,,4.4,,,0.1,1.5,,4.9,,,3.8,,,,,,,,,,,,,,2.3,,4.8,1.6,0.1,3.4,2.3,,,,4.5,,,,3.7,,,,,,,,,,,,,3.6,2.6,,,,,,,,,,,,,,,4.4,,4.0,,5.0,,,,,2.0,,,,,,,3.2,3.0,,,3.4,4.1,0.5,,,,,4.0,0.1,,,,,,,3.3,2.4,,1.5,,,,,0.2,4.6,,,0.1,2.7,,,,,3.3,,,,,,,,,,,,0.2,,,,,1.9,,,,3.4,,,,,,1.1,,,,,,,1.8,,,,2.8,,,,,4.4,,,0.0,,,2.9,2.4,4.1,,4.4,,,,,3.1,,-9.8,,-5.9,-13.6,,11.2,-8.5,11.1,3.4,12.7,-13.6,New,-5.5,-42.9,Found,New,,-31.0,-22.7,28.3,-29.5,-0.4,New,,25.1,,NotFound,Found,NotFound,New,Found,42.8,New,Found,NotFound,Found,New,NotFound,mobile,New
2987069,2471526,44.21,W,6470,282.0,171.6,discover,542.8,,132.9,38.5,,,yahoo.com,anonymous.com,0.0,11.0,4.0,16.0,18.0,8.0,17.0,7.0,5.0,6.0,14.0,7.0,16.0,13.0,,483.5,,,,,,,,266.3,,395.7,,,41.2,F,,,M2,F,,T,F,,,0.2,,,,,,,,,,,0.2,,0.2,,,,,,,,,,,,,1.2,,,,,1.7,,,,,,4.5,,,,,,,2.5,,1.4,1.4,2.1,,,2.3,,,,3.4,,,1.0,2.9,,,4.0,,4.6,,4.1,,1.4,,,1.0,3.6,,,2.9,,,,,0.9,2.5,,,1.5,,,,1.6,,1.5,,,,,,,,,,4.8,0.7,1.3,,,0.6,,0.4,0.1,,,,1.2,,,3.3,,,,,,,,,,,,,0.6,2.0,,3.6,,,4.8,,,,,0.4,,,0.5,4.1,0.9,,1.3,,,,,,3.6,,,,,,,3.2,,,,,,,,,,1.0,,,,0.9,,4.0,4.2,,,0.9,4.4,,,,,1.2,4.1,,2.3,,2.3,,,,2.3,0.2,,,,2.2,,,,,,,,,,,,,1.0,,,2.1,,,,,5.0,,,2.2,1.7,,,,4.1,2.4,,,,,,,4.6,,,2.2,2.0,,,,,,0.7,3.8,,,,3.0,,4.4,,,,4.4,,2.6,,3.6,,3.2,,,,,,2.7,,,0.3,,1.9,,1.0,,0.2,4.7,,,,,,0.4,,,,,3.0,4.2,0.1,,,,,,3.0,,,4.0,,,3.7,3.5,2.9,,,,1.6,0.9,,,,,0.6,,,1.6,1.8,,4.9,,,,4.8,,,,,,,,,0.5,3.2,,,,,,,,,,,,,,,,,,,,,,,,,,,,,,,,,,,,,,,,,
2987070,2475619,126.37,R,13863,379.6,234.2,discover,216.9,debit,111.0,40.2,,,hotmail.com,anonymous.com,16.0,8.0,8.0,15.0,18.0,15.0,13.0,0.0,6.0,4.0,9.0,7.0,1.0,14.0,,24.0,,,,285.3,3.5,,228.4,,,,156.7,,514.7,T,,F,,F,,,T,T,,4.2,,,4.9,,,,,,,0.1,,,,,,,0.6,,,0.6,,,1.3,,,,,4.6,,3.4,,,,,1.7,1.4,1.8,,,4.5,,3.1,,1.4,2.2,0.9,,,,,,,1.2,4.7,4.9,,,1.6,,,,,,,,2.1,2.3,,,,,,,,,0.5,,,,,3.2,,,4.2,,,1.7,,,,,,,,4.9,,,,,,5.0,,,2.2,4.3,,,,,,,4.1,,2.3,,1.3,,,,,,,,,0.3,3.1,,,,,,,,,3.0,,,,,,,,,,2.7,,,3.9,0.6,2.3,3.1,,,,,0.6,,,,,,,,,,,3.6,,0.7,3.8,,1.4,,,,,0.5,,4.6,,,1.6,,,3.8,,,1.4,,,2.8,,,,,1.2,,2.4,,,1.0,3.8,,0.7,0.2,,,3.2,,4.3,,3.8,,,,4.0,,,0.7,,,,,2.5,,,,2.5,,,1.2,,3.0,,,,,,2.0,2.2,,,0.6,,,,,,,,,4.3,,3.2,2.8,,,0.6,,,,,3.7,,,,,,,,4.7,1.9,,,,3.2,,,3.4,,,2.1,,,,5.0,3.6,,0.1,1.1,,1.1,,,0.9,,3.9,,,,,,4.8,,3.0,,,1.5,,,,,,,0.2,,,4.1,,,3.0,,2.6,,,,,0.8,3.7,2.8,,,,2.9,,,,,,,,,,,,,,,,,,,,,,,,,,,,,,,,,,,,,,,,,,,
2987071,2517854,88.16,S,16633,,361.6,discover,397.4,credit,201.3,58.2,595.6,,gmail.com,,18.0,5.0,3.0,5.0,0.0,0.0,10.0,7.0,7.0,18.0,14.0,1.0,6.0,11.0,,,384.7,,364.4,83.7,,,,,549.3,178.3,210.3,,356.3,,T,T,M2,T,,T,T,F,1.5,,,,,3.3,,,,1.8,,,3.5,0.0,1.7,,0.2,,,,3.2,2.0,,,,,,,,,1.3,,,4.9,,,,,,4.6,1.1,4.3,,,,,2.8,,,2.2,,,1.6,1.8,,3.3,,2.6,2.4,0.5,,,1.4,,,3.2,1.1,,,,4.8,,,,0.5,4.7,,2.2,,,,2.4,,1.0,,,,0.8,,,,,0.5,,,,,,,,1.3,,2.5,,0.8,,,,,,,,,,1.4,3.4,,,,3.1,3.0,,2.9,,,,1.5,,,,,,,,,,,0.3,3.6,3.9,,,,,,,,3.2,,1.6,,,,,,,,1.5,2.8,1.9,4.8,,,,,,,,,3.0,1.3,,,1.6,,4.6,,,0.4,,,,,1.3,,,,3.5,,4.3,,,2.2,,4.2,,,,,,3.5,,,4.5,0.3,2.0,,,,0.9,,,,,,2.7,,,4.3,,,,1.5,4.4,,,0.7,,3.5,,1.3,,,5.0,3.6,,,,1.8,,,,1.1,2.2,,4.8,,0.8,,2.9,,,4.9,0.7,,,4.4,,,3.7,,,,,,,4.8,,,3.4,,0.2,,,4.0,,,3.2,,,,2.5,,,,2.2,,2.5,,,,0.4,,,,,3.8,,3.5,,,,,4.1,,,,,,0.8,,,3.1,0.4,,,,,3.0,0.3,,,,,0.8,4.8,,4.0,2.4,,,2.0,4.4,,,4.9,,,,,,,,,,,,,,,,,,,,,,,,,,,,,,,,,,,,,,,,,,,
2987072,2535364,93.36,R,2271,272.5,278.6,discover,166.7,credit,192.9,33.7,,,gmail.com,,6.0,11.0,15.0,12.0,5.0,12.0,11.0,2.0,19.0,9.0,13.0,9.0,17.0,17.0,,597.0,,,,199.4,,,,64.0,,,,536.2,287.6,F,,T,M2,F,,,F,F,,,,,,3.1,,,,,4.0,,,2.4,,3.9,,,3.5,0.1,,0.8,,,,,4.4,,,,,,4.3,,,,,,1.7,,,,,,,1.3,4.3,,,,1.0,2.8,,,,,,,,,,4.6,,,2.7,,,,,,1.0,,,,,4.6,2.8,1.3,,,1.7,,,,,,,,,,,,,,,,,,0.1,,,0.4,,,,,0.8,0.7,2.5,,,,,1.5,,,,,3.5,1.7,,,,0.7,,,,,,,,,3.3,,,,,3.7,,,,3.1,,0.9,,,,4.4,,,,,,,,1.7,,,,2.3,,,,,,,,,,1.3,,,,4.9,,3.1,4.4,,3.5,1.4,,,,,,,0.8,,3.0,,,,,,,,0.5,,,,,3.0,,,,4.7,3.3,,1.0,1.5,2.6,4.7,,3.4,,,,,,,,,,,4.8,3.2,,,,,,,,,,4.9,1.8,2.3,,2.4,,,,,,,,3.5,,,2.4,,,2.4,,,,,,,,,,0.8,,,,,,,,1.4,2.1,0.8,,,,,,,,4.1,4.9,,,4.1,0.3,,2.4,4.5,5.0,,,,,,,,1.3,,,1.8,,2.1,,0.2,,1.2,,,3.0,0.5,0.6,,,2.0,,2.4,,,4.5,3.5,2.0,,0.2,,,,,,,,,,,,,,,,,,,,,,,,,,,,,,,,,,,,,,,,,,,,,,,,,,,,,,
2987073,2545426,13.93,R,16282,103.2,344.3,visa,,credit,406.2,,,,yahoo.com,gmail.com,13.0,18.0,0.0,13.0,13.0,0.0,10.0,1.0,2.0,15.0,1.0,18.0,10.0,19.0,428.4,189.5,,,,94.5,379.7,,445.4,255.0,472.7,2.4,164.4,15.4,,,F,T,M0,F,F,T,T,,,,,,3.8,,,4.5,,,,0.7,,,,,,,1.4,,,3.4,,,,3.8,,,,,,,,1.7,4.6,,,,0.3,,,,,,,,,,3.7,,,2.0,3.0,,,,,,2.0,,0.8,,,,,4.2,,,,3.1,3.2,3.1,,,,,1.8,,0.9,,3.2,,,,,2.1,,,,0.5,,,,,1.8,,4.1,,,2.4,2.6,,,,,,0.3,,3.3,,4.9,,3.3,,,,,,1.9,,,,,,0.7,,,,,0.6,,,,4.3,,,,,,0.6,0.7,,,2.8,,,2.2,,,3.8,,,,,,1.4,,,2.6,,0.5,,,,0.7,,,,,,,,,0.5,,,,,,4.3,,3.8,,,,,,,,,4.2,,2.8,0.6,,0.6,,,,,,,,,,,,,2.5,,,,0.8,2.6,,,,,,,1.6,,,,5.0,0.3,,,,,,,5.0,,,,5.0,,,4.3,,,,1.5,,,0.8,,1.1,2.2,,,,2.0,,4.1,1.3,,,,,,,,1.4,4.3,0.7,3.7,1.5,0.1,,,,,,,3.8,,,,4.3,,,,,,,3.7,4.6,,3.7,,,,,,,,,,,,,3.7,,,4.6,,,,,,,1.3,2.1,,,,,,4.8,0.5,,,0.7,0.2,1.5,,,,,2.7,,,,,,4.6,0.1,,,,,,,,,,,,,,,,,,,,,,,,,,,,,,,,,,,,,,,,
2987074,2571594,67.64,S,2143,267.3,460.8,mastercard,392.4,credit,351.6,13.3,,,hotmail.com,,13.0,3.0,18.0,4.0,18.0,9.0,17.0,18.0,19.0,11.0,7.0,5.0,16.0,10.0,587.1,,,,,,374.0,,,306.4,,,425.5,393.3,395.0,T,F,F,M0,F,F,T,F,T,,,,,,,,,,,4.6,,4.6,,,,1.6,,,,,,4.8,4.3,3.6,,,,2.4,,,4.7,,1.7,3.6,4.8,,,,,1.8,1.5,,,0.8,,4.7,0.1,4.6,,,,,3.1,,,,,,,3.9,0.7,,4.5,3.5,,1.9,,,4.3,1.6,,2.3,,,,,,2.9,,,0.7,,,,,,,,1.1,,,2.8,3.1,,0.6,,1.1,4.2,,,,2.7,,0.9,,,,,,,,,0.8,,2.7,3.9,,0.8,,,,,2.6,,,1.8,,3.3,,,,,,4.3,,4.7,,,4.8,,,,,,2.5,3.1,,,,,,,,4.9,,2.1,,,0.3,,,,,,,,,,,,,,,,1.5,,,,,,,,,,,,,3.7,,,0.1,,,,,,,,,,,,,,,,0.0,,4.2,,,,2.0,,,,,1.1,,,,2.2,,,2.5,3.6,0.6,,,,,2.3,4.5,2.7,,,1.2,1.3,,3.3,1.2,,0.7,,,,,,,,3.2,,,,,,4.9,,,2.7,0.3,,,,,4.5,2.4,3.9,,3.3,1.8,,,2.8,3.8,,0.8,,,,,3.1,,,1.3,3.2,,,,,,0.3,3.5,2.1,1.6,0.4,,,,,,4.5,,,,2.5,,,,,2.0,2.4,,,,,,,,,,1.3,,,,,,,,,,,,,,,1.2,2.1,40.6,-35.5,,45.2,,-25.2,45.6,24.3,-3.8,12.3,-24.0,Found,44.0,-5.0,Found,New,44.7,-19.1,-18.5,-19.1,-34.7,-46.0,,,-18.6,-30.3,New,,,NotFound,Found,-30.7,,,Found,,New,NotFound,mobile,New
2987075,2610290,62.42,C,3968,592.2,546.4,mastercard,421.6,debit,349.7,17.1,2754.6,,yahoo.com,,7.0,17.0,10.0,10.0,11.0,0.0,18.0,4.0,15.0,18.0,11.0,15.0,4.0,19.0,418.3,461.7,,,,,163.4,,,275.4,184.6,564.1,93.0,503.0,343.6,,,F,M0,,F,,,F,,4.5,0.1,,,,2.6,2.9,,,4.7,2.2,,,,,,,,,,,,,,,,4.0,,,3.9,2.6,4.7,1.4,,,,,,,,,1.4,,,,2.8,4.4,,1.5,1.9,,3.0,,,,,,,,,3.6,,4.8,,0.2,0.1,,,,,,,,,1.5,4.1,,,3.9,,1.9,,,2.0,,,,1.3,,0.4,4.2,2.8,,,,,2.5,,,,1.9,,3.9,,,1.2,3.6,2.3,,,3.1,,1.6,,0.8,4.4,,,,,,4.3,1.2,,,0.6,,4.6,0.6,,3.4,,,4.0,,,,1.7,,,,4.1,,,,,0.7,3.6,,,,2.2,2.4,3.2,,,,0.2,,2.0,,1.9,,,1.9,,1.5,,,2.2,,,0.9,,,,,0.4,,,,,,,,2.9,0.1,,2.6,,,,,,,,,,2.4,,,,1.4,,,0.1,,,1.6,,,,,,2.0,,,,,,1.2,,3.5,4.4,,,,,3.6,,,,,0.9,,,,,0.0,2.5,4.8,1.0,3.9,,2.3,,2.2,3.5,3.3,,,,,,1.8,,,3.6,,,,,,,4.1,,,4.3,4.6,2.7,0.3,,,0.4,,2.1,,,,4.8,,,,,,,,,2.9,,2.4,,3.5,,,3.4,,,,2.0,0.3,,,4.1,3.0,,,,,,,1.2,,4.6,,,,0.9,,,,,,,,0.6,,1.4,,,1.8,,,,3.8,,,,,,,,,,,,,,,,,,,,,,,,,,,,,,,,,,,,,,,,,,,
2987076,2625942,22.61,S,1412,112.7,365.4,mastercard,308.2,credit,433.4,60.3,,,yahoo.com,,9.0,12.0,11.0,19.0,11.0,12.0,15.0,8.0,16.0,7.0,9.0,8.0,4.0,4.0,172.4,68.8,,12.6,,37.1,,547.9,,276.0,,,180.5,,186.5,F,,,M0,F,T,T,F,F,,,,0.0,0.4,4.2,1.0,,,3.5,,1.1,2.6,,,,,,4.0,,3.1,,,,,,,,,,1.0,1.0,2.8,2.9,4.8,3.2,,,,,1.9,3.5,,4.1,,,,,,,4.7,,,,,,3.0,,,,1.9,4.5,,2.8,,2.1,0.6,,,,,,,,,,,,3.5,,2.3,0.8,,2.7,,,,,3.6,,,3.3,,4.2,,,,4.3,3.2,0.9,,,2.4,,,3.0,,0.7,,4.2,,3.7,1.5,,3.7,,,,,,,,0.8,,4.6,,,,,,,2.5,,,,,,,,,,3.6,,4.7,,1.6,,1.7,,,,,0.3,,,,,3.7,3.5,,,3.1,0.4,,,,1.4,,,,,,,0.8,4.3,,,,,,,4.2,3.1,,2.3,,,1.7,4.4,,,,,,2.2,,,,,,,,,,,3.0,2.1,,,,,2.0,,,1.3,,1.2,,,,2.2,4.7,0.4,3.1,,,,,2.7,,,,,,,,3.1,,,,,,,,,,,4.6,4.2,,,,,,4.5,,3.6,,,3.3,3.7,4.2,,,,,,,1.6,,,,,,,1.0,2.2,,,,3.6,,,1.0,,,,,4.0,0.4,,,,,,,,,2.0,4.5,,,,,4.0,,1.4,1.6,1.8,,0.7,,0.6,3.1,,,,0.0,,,0.6,2.3,,,,4.0,,4.3,,,0.5,,,,,0.8,1.4,,5.0,,,,,,,,,,,,,,,,,,,,,,,,,,,,,,,,,,,,,,,,
2987077,2659327,24.54,R,3011,153.5,260.2,discover,246.7,credit,125.1,31.0,,,yahoo.com,,2.0,5.0,2.0,11.0,18.0,1.0,2.0,11.0,1.0,18.0,0.0,4.0,3.0,9.0,,338.9,,556.2,,578.5,305.2,,,301.4,,,,68.1,,F,,T,M2,,,F,T,,,,,1.5,2.5,,,,,1.9,,1.3,,,,0.9,,,,,,,,,,4.7,,,,,,,,,,,,,,,,,,2.9,,1.2,,,4.5,,,1.6,,,,,0.1,1.5,,,,,2.3,0.4,,,2.5,4.6,,,3.3,,,,,,,1.1,1.2,,0.6,,4.2,,,0.2,,,2.9,,,4.3,,0.4,,1.1,,,,,,,,,,,,,,,,,,4.4,,,,2.5,,,,,,,,,,,,,,,2.2,,4.4,3.1,,,4.7,2.9,,,,,,2.6,0.2,,,,,,,,,3.3,,,,,,,,,0.5,,1.8,,4.0,,,,,,,,3.1,,4.3,4.4,,,,,,,,4.3,,,4.7,,,,1.1,,1.1,4.9,2.1,,1.1,0.6,,,,0.4,,2.0,,4.5,,1.3,,2.8,,4.0,2.4,3.6,,,0.2,4.9,0.3,1.2,,,3.7,,2.3,2.0,,4.5,,,,4.1,,,,,,1.0,,,,,,3.7,,,,,,,4.9,,,,4.3,1.4,,,,,1.1,4.8,,,,,3.1,,,,,,1.8,,,,,,1.3,,,1.7,,,,2.9,5.0,,,,,,,,0.8,2.0,,,,,,,1.7,,,,,,,1.3,4.6,1.9,,,,,0.6,,,,,,,,,,,,,,,,,2.9,1.9,-10.7,,14.9,-48.9,29.0,-28.7,16.2,-32.4,-27.9,24.2,,,34.0,23.4,New,NotFound,-14.5,,-46.4,-14.2,,,,15.8,44.3,-47.5,,NotFound,,NotFound,New,-6.7,New,New,New,NotFound,NotFound,,desktop,Found
2987078,2782908,269.71,S,1246,281.1,430.0,visa,396.7,debit,234.0,92.6,2368.0,,yahoo.com,,1.0,1.0,13.0,4.0,19.0,3.0,5.0,9.0,11.0,2.0,6.0,11.0,8.0,0.0,422.6,182.8,438.4,,116.0,,8.1,,,,205.4,491.8,392.6,45.3,380.5,,,,M1,,T,,T,T,,2.8,,,,,,,,,,,3.8,3.1,2.8,,,3.0,,1.0,,2.7,,,1.5,,,,,4.9,,,,1.1,,,,,,4.4,,2.6,,,2.5,,3.7,,,1.8,,,,,3.4,0.4,,4.0,,2.1,2.4,,,1.0,,,,,3.5,,,1.7,,2.1,1.7,,1.5,,,,,2.2,,4.1,,3.2,,,3.6,,5.0,,,,0.6,3.1,,,,0.3,,,,,0.6,0.1,,,,,,1.6,2.6,,,,,,2.6,2.7,,,,,3.0,0.8,4.2,,4.2,,0.5,,2.7,,,3.5,,,,,,,,2.9,,,,,,,,,,4.3,4.0,4.3,,,4.2,,,,3.9,,,,,,,2.4,,,2.1,,,,,,0.6,,,,,,,,,,,,,,,,,,4.5,,2.6,,1.0,,4.1,2.0,,,,,,,3.3,,,,,,,4.5,3.9,1.1,2.2,3.3,,2.9,,,,,,,,3.2,,,,,,,,,4.8,,2.3,4.6,,,,,,,,2.3,0.8,,,,,,4.9,,,,,,0.8,,3.2,4.0,,,,,,4.5,,,2.8,1.0,,3.6,,,,,0.8,2.3,,,,,,,0.6,,,,,,,1.1,3.6,,3.2,,,,,,,,2.4,,,,,0.9,,,,0.6,5.0,,,,2.0,3.5,4.9,,,,,2.3,,,4.1,,3.0,,3.9,,,,,,,,,,,,,,,,,,,,,,,,,,,,,,,,,,,,,,,,
2987079,2828762,666.0,C,13644,557.9,382.9,discover,481.0,debit,330.3,86.5,,,gmail.com,anonymous.com,5.0,15.0,6.0,12.0,1.0,2.0,6.0,16.0,1.0,8.0,18.0,12.0,18.0,16.0,,,80.1,521.3,507.8,372.0,,,,,321.1,,,,,,,T,,F,,T,,,3.0,3.7,,,,3.4,,,2.0,2.1,0.3,4.6,,,,1.1,,,,,0.2,,,,,,,4.8,4.7,,,,,2.0,,,,,2.0,,,,,,,,,,,4.2,,,,,,,2.2,,3.4,,4.1,5.0,,,,,1.1,0.3,,,,,,,,1.6,,4.3,3.4,,,,4.5,,,0.7,,,,1.0,,,1.7,,3.4,4.5,,,,,2.7,,,,,3.5,,,3.5,,,,4.6,,1.1,,,3.5,,,,,,,,,,4.2,,,,3.9,,4.6,4.0,,,4.4,,,,0.4,,,2.3,,4.1,,,1.2,,,3.8,,0.4,,3.6,,,4.3,,,1.0,,,,1.7,0.2,,,,,1.8,,,2.0,,,4.9,,,0.4,,2.3,,,,1.5,,1.7,,3.5,2.5,,,3.5,,0.2,4.3,,1.5,,,,,,3.2,,,,,,,,2.2,,,,,,,,,,,4.4,2.5,,,,1.9,,,,3.5,,,0.6,,,,3.2,3.1,,,,,0.1,,0.8,,0.3,1.1,,,3.3,,,,,,,,4.7,,4.9,,,,,,,,,2.3,2.1,,,2.0,,,,,,4.9,,,,1.5,,4.4,,2.0,4.8,,2.3,,,,2.7,3.4,3.9,0.9,,,2.9,0.9,,1.1,,,4.4,,,,,,,0.7,,,,0.3,,,,,,0.2,,,1.0,3.8,,4.1,,,,,,,,,,,,,,,,,,,,,,,,,,,,,,,,,,,,,,,,,,,,
2987080,2890069,80.01,W,5717,361.5,205.2,visa,163.9,credit,135.3,83.3,,,gmail.com,,5.0,1.0,19.0,15.0,18.0,13.0,8.0,5.0,11.0,3.0,1.0,7.0,14.0,4.0,284.5,,260.9,425.0,309.9,,,,426.9,96.4,506.1,,,,,,,,,T,,,T,T,2.8,3.6,,,1.5,2.5,2.0,0.7,,3.3,,,3.6,,,,,,1.5,,2.4,,,,,,,,,,,,0.7,,,,,0.7,,,3.6,,,3.9,,,,3.3,2.7,0.9,,,2.8,,,,5.0,,4.2,,4.9,,,,,,,,,1.6,,,,3.8,,3.4,,,,,,,0.7,,4.7,,,2.4,,4.4,1.5,1.6,,0.3,,,,,2.6,,,,,1.0,,,0.5,,0.6,,,,,,,,1.6,0.8,,,1.5,,,,,0.9,,,,,,,,,,,4.7,,,,,,4.2,,,0.8,4.5,,,2.2,,,,0.3,,,2.8,,,0.4,,,,,2.9,1.6,,0.3,,4.8,,,,,,,,,,,3.4,3.2,,4.3,,,,1.1,,,2.3,1.7,3.5,,,,,,,3.9,,,,4.5,,,,,,4.3,,,,,1.5,,,,,,,,0.9,2.2,1.3,4.5,,,0.3,,,0.8,,,0.4,0.8,,,,0.5,,3.3,,,4.2,,1.6,,,,,,,,,3.3,,3.7,,4.4,,1.7,,,1.9,,5.0,2.6,,4.9,,,2.3,,,4.1,,,,,,,,,,,1.6,,,,,,,4.3,,,,,1.8,,4.4,3.8,,,,,,4.2,,,,,,,2.7,1.8,,,3.3,,,3.7,,,,,,,,,,,,,,,,,,,,,,,,,,,,,,,,,,,,,,,,,,,,,,,,,,,,,,,,,
2987081,2941462,59.0,W,14675,331.4,487.0,visa,384.5,debit,316.0,87.0,,,yahoo.com,,1.0,5.0,16.0,2.0,7.0,3.0,8.0,4.0,1.0,7.0,18.0,10.0,39.0,9.0,80.0,,163.4,,192.8,414.0,,338.5,,,117.9,,87.5,,187.0,F,F,T,M0,F,,T,,T,,1.3,,,,,,1.5,4.2,4.9,,0.1,,,,,,0.3,,0.9,,,0.3,,,0.3,,,,,,,,,,,,,,,4.6,3.7,,0.8,,2.4,1.3,,,,,0.7,4.3,,1.8,,2.8,,3.1,3.9,,4.9,4.1,,,,2.8,1.9,,,,,,0.3,,3.6,,0.2,,2.8,,,3.3,,,,,,,,,,,0.7,4.2,,,,,,,,,1.7,,,2.1,,1.1,0.9,1.0,3.6,,,,,,,,,,,,,,,,0.9,,2.5,,,,,,,0.6,,,1.6,,,3.0,,,4.8,1.1,,,4.0,2.9,1.6,,1.4,,2.7,,,,2.5,,,,,,,,0.1,,3.2,,,,3.9,,,,,,,,2.5,,,,3.9,,,,,4.4,,,,,1.5,,3.1,,,,0.1,1.5,4.3,,2.8,,0.4,3.0,,,,,,,1.1,4.4,,,,0.1,,,,,,,4.8,4.1,,,2.9,,,,1.0,,,,,,,,2.7,,,,,,,3.5,1.6,3.7,,2.4,,,,1.2,,4.6,,4.1,,,,,0.5,2.8,0.8,,,,,,,3.7,,3.0,,,,2.1,,1.0,,,,,,2.5,,,,1.3,,,,1.1,,,,,3.2,,,,,,,,,2.4,,0.5,,,,,,,,,0.0,,,,,,,,3.1,,2.1,,,4.0,,,,,,,,,,,,,,,,,,,,,,,,,,,,,,,,,,,,,,,,,,
2987082,2960303,1520.6,C,4235,476.7,183.1,discover,591.4,credit,345.1,73.1,,,hotmail.com,,14.0,3.0,3.0,9.0,11.0,2.0,1.0,18.0,16.0,11.0,14.0,18.0,11.0,2.0,29.1,129.1,,14.9,,541.6,,450.6,,,138.0,,160.1,,,T,T,T,,,T,,,F,,,,0.1,,3.0,,,,,,2.7,,,0.5,,,1.4,,,,,,,,,,,4.9,,,,,,,,,,,,0.5,,,3.0,,0.5,,4.8,,1.6,,3.3,2.6,,,,4.7,2.6,,,4.9,,1.4,,,0.0,1.0,,,1.4,1.9,,4.3,,1.2,,3.0,2.0,,0.7,,,4.3,,,,2.2,,,,,,0.7,,,2.4,0.4,,,3.7,3.5,2.2,,,,,1.3,1.8,,,0.8,,,,,,,,,2.9,0.7,3.4,,4.1,,,,,,,,4.8,,,,,,,0.4,3.9,3.2,4.5,,2.9,,,3.4,1.2,,,,,,,,,4.7,,,4.2,,,,,1.5,,,,,,,3.3,,,3.3,2.7,,,,,,,,,,,1.0,2.2,4.0,,,,,,,1.8,4.3,,1.6,,,3.2,0.5,,4.0,,,,5.0,,,,,,,,2.9,,3.5,,,,1.8,1.0,3.3,,,3.2,1.9,,2.6,,,,4.4,,,,,,1.8,,,,,0.4,1.6,,4.8,,2.6,4.0,,,,,,0.6,2.8,3.2,,,1.3,,,,3.4,3.6,0.4,,,,,,,,,,,,,,,,2.5,,,,3.7,,,0.3,0.4,3.7,1.4,1.7,1.3,,,,0.6,1.0,,,,,4.4,2.4,1.7,,1.3,,0.1,,1.5,,0.1,0.4,4.6,0.6,,2.7,,,,,,,1.6,0.9,,,,,,,,,,-7.9,42.9,-19.3,,,-15.9,11.9,-8.4,38.4,48.3,-16.5,,24.6,,,Found,,4.0,24.8,,29.1,43.2,Found,48.2,6.8,-15.0,Found,NotFound,New,Found,Found,-45.5,New,,,NotFound,New,New,mobile,New
2987083,3048223,107.3,R,17351,339.8,221.4,discover,556.7,credit,259.8,20.5,,,gmail.com,yahoo.com,13.0,14.0,18.0,17.0,6.0,12.0,9.0,7.0,1.0,14.0,1.0,7.0,12.0,13.0,,545.4,471.0,,,,,,,,,347.4,,19.5,2.4,,,,,,,T,T,T,2.6,3.6,,,1.7,3.7,,,4.8,,,,2.1,,,0.7,,3.6,,3.9,1.1,4.3,,,,2.5,,,3.7,,,,2.8,,,,0.7,,,,4.0,4.1,,3.0,,,,,4.3,,,,,,,,4.4,4.8,,4.0,,1.2,,0.5,4.7,,,,1.3,2.4,1.8,,0.7,,2.6,2.0,,,,,,2.2,,,2.3,,,,,3.7,,,,,,3.8,4.2,,,1.8,1.6,,,,,,,,,,,0.2,4.0,,1.6,,,,1.4,,,,0.4,1.3,,,,3.9,,3.9,,,1.4,,,,,1.5,,,,3.1,1.7,,,,,3.8,0.2,,3.9,,,,,,,,0.6,0.3,,,,,,1.8,3.9,,,,1.2,,,,0.4,,,0.8,,,,4.8,0.0,,,3.8,2.1,,,,3.3,,1.9,,,,,,,1.7,3.2,,2.1,1.9,,,,2.0,,3.8,,,,,,4.1,,0.1,,1.8,0.7,,,,,,,,,1.0,,,3.6,,,2.5,,,,,,,,0.8,2.2,,2.5,,,,,,2.0,,3.6,,,,2.9,,,,,,,,,,2.9,,,4.4,,,,,,3.1,,,2.9,,,,2.0,4.8,,0.2,,,,,2.6,,0.5,1.1,0.5,,,4.1,,,4.2,0.1,2.5,,,,4.9,1.4,,0.8,,4.9,,,,,0.4,,,,,,1.1,,4.3,,,,,,,,,,1.6,4.9,,18.9,2.0,3.1,-38.8,8.3,-48.1,-10.6,20.3,23.3,36.4,5.3,NotFound,,,Found,,,49.5,-31.7,,33.8,,NotFound,10.1,-17.2,-28.3,NotFound,Found,,NotFound,NotFound,,NotFound,Found,,NotFound,New,NotFound,mobile,
2987084,3158179,218.55,W,9734,345.5,502.2,visa,503.8,debit,140.8,60.5,1061.7,,hotmail.com,,13.0,10.0,6.0,17.0,2.0,16.0,19.0,14.0,8.0,12.0,7.0,17.0,13.0,1.0,126.4,378.8,,,37.2,353.3,,,407.9,40.8,,309.9,,488.0,136.8,T,,,,,,F,,,3.6,1.3,,,5.0,,,,,,,2.5,,,,,,,4.8,1.4,,,2.9,,,3.9,2.7,1.4,,,0.0,1.3,,1.8,4.1,0.9,,,,,,,,,,,,,2.2,,,,,,,,,,,4.0,,,,,,,,0.6,,2.0,0.1,,,4.2,2.0,,,,0.3,,,,,,,,,,2.3,,,2.5,0.7,2.4,4.6,,3.6,,,,,,,,,1.7,,,,0.7,3.2,1.0,3.0,,0.5,,,,2.8,1.5,,0.1,,3.1,,2.8,,,,2.8,,,,1.6,,1.9,,0.2,,,,,,,,3.1,1.1,2.9,,,,,,,,,3.7,4.4,,,,,1.6,,,,3.7,4.3,2.1,,,,,,,2.5,3.2,,,,4.0,1.4,1.4,,,,3.3,,0.7,,,,0.8,1.1,,,,,1.0,,,,,,,,,,,,1.3,,,,,,4.2,,,,,2.0,4.3,1.3,3.1,,4.3,1.9,,,,,,,,,,,,,,,4.7,3.0,4.1,,,,,,,,1.9,,2.8,2.1,,,,,,,,,,,,,,0.1,,2.1,,,,,,,,0.2,,3.1,,0.6,2.1,,1.7,,4.9,,,4.5,,,,,0.5,,1.8,1.9,,,,,,,,,,3.4,,,0.5,,,,,,,,,,,4.4,,,1.4,,3.5,2.0,,4.2,,,3.9,,,,1.9,,,,,,,,,,,,,,,,,,,,,,,,,,,,,,,,,,,,,,,,
2987085,3160856,7.49,W,13050,534.7,596.2,mastercard,501.6,credit,352.9,50.7,1465.9,,gmail.com,,13.0,3.0,12.0,17.0,17.0,19.0,11.0,14.0,15.0,14.0,7.0,0.0,0.0,12.0,273.5,159.6,,,,,195.0,141.8,4.2,,,,,,157.8,F,T,T,M1,,T,,,T,0.5,,,,,,2.9,,1.3,,,,,,0.2,,,,0.2,0.9,3.9,,,,,,,,0.8,,,,,,2.1,,,,,,,,,1.8,,,2.3,,4.8,,2.9,,,,,,,,,,5.0,,,,1.3,,3.1,,,,4.4,,,,,,,,,,,,,,,3.9,0.6,,,2.0,2.2,,0.1,,1.6,,,,,3.5,,1.8,2.0,,,,,,4.2,,,,,2.8,,,,4.9,2.3,1.1,2.7,,,4.9,,,,,,3.3,4.6,,,,,,,,3.5,,,,2.3,,0.8,3.9,4.8,,,1.3,,,,2.1,,4.8,3.9,,,,5.0,,,,2.9,,3.4,,2.8,,1.1,5.0,5.0,,,4.9,,,,,2.2,2.3,,2.2,3.4,0.1,2.3,,,,,0.0,0.4,,,,,,,,0.6,0.3,2.0,,0.1,,,,,,1.0,3.5,0.8,4.3,2.4,,,4.3,,,,3.1,,,3.2,,,,0.7,,,,,,,,,,0.7,,0.7,,,,,,4.3,,,,,,,,,,1.1,,3.3,2.5,,,,3.6,,,0.4,,,,3.2,,1.3,3.0,,,0.6,,,,2.0,,,,2.2,,3.4,,,,,,0.6,3.5,,,2.6,1.4,,1.0,2.7,,,,,2.9,,,,,,3.2,,,,4.0,,,,,,,2.7,,,0.4,,,,,4.7,,,4.3,,,1.9,,,49.5,,,38.6,-1.4,-41.5,,-45.7,-38.0,,9.3,Found,11.0,-12.3,,Found,42.2,-34.0,,,,34.4,NotFound,-16.5,-0.3,-8.0,,NotFound,NotFound,,Found,-47.3,NotFound,Found,NotFound,NotFound,,Found,mobile,NotFound
2987086,3187463,14.24,R,17297,569.2,128.3,visa,597.4,credit,436.6,83.1,728.4,,yahoo.com,gmail.com,2.0,8.0,18.0,3.0,14.0,15.0,9.0,0.0,3.0,19.0,3.0,7.0,13.0,0.0,,,85.2,24.6,149.1,,272.1,,348.2,240.9,314.3,22.4,361.4,,119.1,,F,F,,F,T,F,,,0.5,,,4.5,1.9,,,,1.7,0.2,,,,,,1.4,,,,,,,,0.4,,,0.1,,,2.1,,4.1,,0.8,,,,,,,2.9,,,2.2,,,1.5,,,3.2,,,2.8,,2.6,,,,,,,,,,,,1.5,,,,,,,,1.1,,1.1,1.0,,2.4,2.0,0.5,,,2.7,5.0,,1.4,,0.3,1.3,,3.2,,1.8,,1.8,0.9,,4.0,3.8,,,1.0,0.5,,0.2,,,,,,,,,,,1.9,,,,3.9,,,,,1.3,,,3.6,,,,,,,,,,,,0.7,,,,,1.1,,3.6,,,,3.0,2.5,,,,3.7,,4.3,,,,0.5,0.5,0.9,,,,,,,,3.7,,3.9,,,0.7,4.7,0.6,0.7,,,3.9,,,,,,,,,,0.4,,,,4.7,,,3.5,,,,,2.3,4.7,,,3.1,,,2.5,,4.8,,3.7,1.3,1.4,1.5,3.6,,3.6,4.1,,,3.4,,,,,,4.1,,0.8,,3.2,,,,0.9,,,,,,,,,1.0,,,2.3,,2.4,2.0,,,,,,1.0,,,,,,,,,0.5,,2.3,,,,4.4,2.1,,,,,3.6,,,,,,,,,,,,1.9,4.1,,,,2.6,,,,1.8,1.9,3.9,,,,2.2,,,,4.9,,,2.2,,,,,4.2,4.6,2.6,,,,,1.3,3.8,,,,4.2,,2.1,,,,,,,,,,,,,,,,,,,,,,,,,,,,,,,,,,,,,,,,,,
2987087,3195999,100.0,W,2325,299.5,330.9,visa,165.0,debit,281.0,87.0,,,aol.com,,1.0,13.0,10.0,7.0,11.0,1.0,0.0,7.0,7.0,17.0,17.0,10.0,3.0,17.0,383.0,59.3,160.2,388.9,,381.6,298.5,370.7,,145.7,,332.5,,,133.0,T,,,M0,,,F,F,,,1.0,,,,,,,,,,,,,,,1.8,,3.4,0.2,,,4.8,3.5,,,4.4,4.2,1.8,,,,,,2.3,4.1,4.9,3.8,,4.7,,0.1,,1.8,,,,3.3,1.7,,,,2.6,,3.4,,2.6,,,,,,,,,,,3.3,1.4,,,,,,,3.8,,,,,,5.0,0.2,,,,,0.8,,,,,4.3,,,,,0.5,,,,,,,,1.7,,,,,,,,1.4,,,2.0,,1.4,,,2.1,,,,,,,,3.5,,,,4.9,,,,,,4.0,,,,,0.1,2.0,,4.5,2.6,,4.5,,,,,,,3.5,,,,,,,,0.1,,,,,,0.3,,0.7,2.7,,,,,,,1.5,,,,,,,4.1,,3.2,,,,,1.6,4.2,0.7,,,,2.6,3.4,,,,2.9,,,,,,,0.7,,2.8,,,1.1,,2.8,2.2,,1.7,1.7,,3.7,4.4,,,,,0.2,,,1.3,,,0.1,,,,2.5,,,,1.3,,,2.6,,,,,,3.1,,2.3,2.1,1.6,,,,,,,,2.5,,,,4.2,,,3.2,,,,,1.1,,2.0,,,,,,3.4,,,,,,1.2,,,,2.3,,,,,,,,4.4,,,4.8,0.4,0.0,0.4,,,,1.3,4.5,,,,,,2.4,,,,,,5.0,,,3.6,,3.0,,,,,0.2,,,,,,,,,,,,,,,,,,,,,,,,,,,,,,,,,,,,,,,,
2987088,3213026,15.43,H,5335,173.5,352.9,discover,343.5,debit,119.7,37.1,2385.9,,yahoo.com,,8.0,3.0,9.0,17.0,7.0,15.0,17.0,17.0,18.0,16.0,11.0,8.0,9.0,1.0,,216.4,,299.0,422.4,,137.4,,398.7,,295.0,435.5,,,,,T,T,M1,,T,,F,,,0.2,1.4,0.3,1.4,,3.2,,,,,,,,0.5,4.8,,,,,,,,,1.5,3.0,4.2,,,,,,,,,,4.9,,,1.0,0.1,,,,,,3.6,,,,1.1,5.0,4.1,,,,,1.3,,1.0,,,,,,,,0.0,,,,,1.3,,,,,,,1.5,3.6,,,,,,,,,,,,,,3.1,,,,,,0.1,5.0,,,,,,,,,2.2,,,,,,3.1,,,,,,,,,2.5,4.4,,4.6,,,0.1,,3.2,4.5,,,2.9,,0.3,,,,,,,,,1.4,,,2.1,,,1.2,0.4,,,,,,,2.6,2.9,,,,2.8,,3.9,,,1.5,3.4,0.4,,,2.8,,,,,3.5,,,,3.0,4.5,,3.7,,,2.5,0.9,,,0.2,,,,,,4.0,1.3,,,,,2.2,,0.1,,3.1,,2.3,,0.1,,,,,1.0,,,,,2.0,,,,,,4.0,,4.0,,,,,,,,3.4,,,,,1.9,,,,,3.1,,,,3.9,,,1.8,,4.5,,,4.0,,2.2,3.4,,,,0.2,,,,,3.7,,,4.2,0.7,2.0,,,,1.4,0.6,,4.6,0.3,,,,,,,0.2,2.3,,,,,,,,,,,2.0,1.2,,,,,0.7,4.3,1.9,,,,,,3.9,,,0.9,,,3.5,,1.0,3.6,,,4.1,2.5,,,,,,,,,,,,,,,,,,,,,,,,,,,,,,,,,,,,,,,,,,,
2987089,3254618,42.93,R,3649,137.4,120.8,visa,384.8,credit,217.3,11.2,1991.6,,gmail.com,,18.0,0.0,10.0,1.0,4.0,4.0,9.0,11.0,9.0,1.0,12.0,4.0,2.0,1.0,284.5,128.8,,518.7,182.2,,,209.1,161.1,,92.8,,15.6,,598.3,F,F,,M0,F,T,F,,F,4.6,,0.1,4.4,,3.4,,4.5,,1.4,,,,,,3.8,,,,1.9,,,,1.1,,,1.2,1.9,1.0,,,,,,,,,,2.1,,2.2,,3.1,,,3.6,4.7,3.0,,,1.2,3.6,,0.3,,,2.3,,,,,,2.5,,,,,,,0.7,4.5,,,,,,,,,,,2.1,,,1.5,,,,,,,,,,,,3.1,,,3.1,,,,,,,2.4,,3.5,1.8,,,2.0,,,,4.9,,,,,,,,2.7,,,,,0.7,,1.9,,,,,,,,2.0,,,,,,,,,,,4.3,,,2.9,4.5,0.3,,,,,,,,,,,4.0,,,,,,1.4,3.9,,,,,0.7,,5.0,,2.5,1.7,,,,,,0.4,,2.5,2.3,2.3,4.3,2.3,1.9,2.6,2.9,2.7,,,1.3,,,,,,,0.9,,,,3.1,,1.3,4.2,1.2,,,1.4,2.4,,,,,,,,1.8,,,0.6,0.9,4.8,2.0,0.2,,0.6,,4.2,,,0.1,4.1,,3.8,,,1.7,,2.8,,,,0.5,0.3,,,,,,,,,,,,,,,4.2,,,,,3.4,1.5,1.7,,,,,,,,2.2,0.6,,,,1.9,,2.7,,0.1,,,4.9,,,,,,2.2,,,,,,,4.2,2.9,1.9,,,,,,,3.3,,,,,3.7,,,,,,,,,,,3.4,1.5,2.8,,,,,,,,,,,,,,,,,,,,,,,,,,,,,,,,,,,,,,,,
2987090,3314571,30.85,S,1694,197.8,325.2,mastercard,292.9,debit,178.9,33.4,,1307.8,yahoo.com,,1.0,10.0,0.0,17.0,19.0,6.0,10.0,19.0,1.0,5.0,9.0,14.0,13.0,15.0,203.2,431.1,,547.3,,,,112.6,362.9,162.8,,,,560.9,330.7,F,,T,M2,T,,F,T,T,,,3.7,,,,0.4,,,,,1.8,,,,3.2,,,2.7,,,,,1.7,,,2.2,3.1,,0.0,,,2.4,,0.7,,,,,5.0,3.4,,,,,4.5,,,,,4.0,,,2.8,,2.8,2.5,,2.2,0.4,1.7,3.0,,2.2,3.7,,0.3,,,,,2.9,,,3.5,,1.2,0.2,3.3,,,2.6,,,,,,,,3.0,3.5,0.5,,,,,0.6,4.2,3.2,,,,,,,0.2,,1.2,,,,,,4.1,,0.5,,,,,,,0.6,,,3.8,4.4,,,,,3.1,4.8,1.6,,,,4.1,3.0,0.7,,2.4,,,,,0.5,,,1.1,,2.8,1.0,4.6,0.9,0.1,1.7,3.1,,,,,,,,0.3,4.3,,3.5,2.4,3.7,,2.9,2.5,2.5,,3.7,,,0.6,,,,,,,,,,,,,,,1.2,,,,4.2,,,3.5,,,3.3,,0.2,,4.8,,,,,0.8,,,4.7,0.6,,,,2.5,,0.4,0.1,,3.5,,,,,,3.8,,,,,,,,,,,,,0.7,,,,2.0,,2.1,4.8,,4.2,,,,,,,,,,3.0,,1.3,,,,4.9,0.9,3.6,0.7,,,,,,,2.2,,,,,,,,,,,4.0,,4.5,,2.8,3.5,,4.0,,,4.2,0.4,0.9,2.7,1.6,4.9,4.3,,4.1,,2.8,,,,,,,0.7,0.8,,2.9,,,,,3.6,,,3.0,,,4.3,0.1,,,,,,,,,,,,,,,,,,,,,,,,,,,,,,,,,,,,,,,,,,,,,
2987091,3336395,29.0,W,8847,456.0,538.1,visa,111.4,debit,321.0,87.0,,,aol.com,,1.0,14.0,14.0,5.0,2.0,9.0,5.0,8.0,2.0,3.0,11.0,19.0,13.0,18.0,386.0,,529.7,,19.6,,568.2,,,,,,352.5,465.5,253.0,,,T,M0,T,T,F,F,,,,,,,,,,,4.3,,,,,,,2.3,,,,0.2,1.4,,,,,,,,,4.0,5.0,3.1,3.7,,,,,,3.8,,0.2,,,,,,1.1,4.9,,,4.0,,,,,4.1,,,,,,,,,,1.5,,4.0,,2.7,4.9,,,,,,,,,,,,4.0,1.9,2.9,,,0.4,,,0.7,,,2.3,1.3,2.1,,1.6,2.6,,,,1.2,,,5.0,,,4.6,,1.0,3.2,,,3.6,2.0,,,,,3.2,,,,,0.2,,1.4,,,,,,2.8,,,,4.7,,,,,,,,0.2,,,4.8,,,0.1,1.3,3.1,,,,2.1,0.0,,4.5,,,,,,4.7,,,,,,,,,,,,1.3,,1.2,,4.8,,,,,,,,,,,,,,,,,,4.1,,,,,,,,,,,,,,,,,,2.8,,,,,,,1.3,,3.8,,,,3.1,,,0.4,,2.4,0.3,,,2.2,,3.1,,,,3.4,0.4,,,,,,1.0,3.1,4.0,,,,,4.1,,,3.8,,,,,1.0,,1.3,3.4,,,,,,0.7,,,,,0.1,,0.1,,,,,,,,1.4,4.4,,1.0,,,,,,,,4.0,4.6,,1.2,,,3.1,3.0,,0.7,0.0,,,,,,,0.1,,,0.0,,,,,,,,,,,,,4.9,,,,,,,,,,,,,,,,,,,,,,,,,,,,,,,,,,,,,,,,,
2987092,3356674,52.15,C,13236,101.0,489.2,mastercard,406.9,credit,278.0,49.2,1417.9,,gmail.com,anonymous.com,12.0,17.0,17.0,4.0,2.0,15.0,14.0,13.0,18.0,14.0,12.0,2.0,9.0,17.0,,,441.0,107.3,,541.4,564.7,,183.8,154.9,430.7,86.2,129.8,,,,T,F,M2,T,T,F,,F,3.5,2.0,,,3.4,,,,,,,4.4,2.1,,4.4,3.5,,,,,,,2.8,3.6,4.5,3.1,,0.4,,0.2,,0.0,,,,,3.6,1.6,,,,,1.3,,,,,,,,,2.3,,,,0.8,0.5,,,4.8,,,,,4.0,1.7,4.2,4.7,,,3.9,,2.0,2.4,,3.9,4.2,4.0,,0.2,,,,,,0.4,4.9,,2.6,,,,,2.8,3.2,1.5,,,,,,3.9,,,,4.4,0.8,1.8,1.5,4.3,,2.3,2.0,2.5,,,4.1,,,,,,2.7,0.4,2.2,,3.5,,,4.7,,,,2.4,,,,,,,,,,,,,1.9,,,,,,,,,2.7,1.4,,2.1,,,,,1.2,,,,0.0,1.4,,3.0,,2.9,3.7,,,,,,0.9,,,1.8,,,,2.0,0.8,,,,,,,,4.9,,3.2,,,3.7,,,,,,,,3.5,,,,,,1.8,,,,,,,,,0.8,,,,,,,,,,,,,1.6,4.7,,,4.3,1.5,,,0.2,,,0.7,,,,4.6,,4.0,,,,0.1,3.4,,0.9,,,,3.0,,,1.8,,,1.8,,,0.4,,,2.0,,,4.0,,1.1,,,0.1,3.5,,,,,,,0.7,,4.5,,3.1,4.1,0.5,,,,3.8,,,,,4.7,,,,2.2,,,,,4.7,,0.6,4.1,0.5,,,,,,4.4,,,,0.0,,,,,,0.2,0.6,,,,,,,,,,,,,,,,,,,,,,,,,,,,,,,,,,,,,,,,,
2987093,3427940,117.0,W,2529,365.9,542.9,visa,164.7,debit,276.0,87.0,,2260.4,aol.com,,1.0,11.0,17.0,16.0,19.0,19.0,6.0,4.0,9.0,9.0,11.0,17.0,24.0,3.0,196.0,,,,,,218.6,385.8,,,54.5,280.4,85.7,,189.0,,,,M0,,,F,,,,0.2,,,,,,,,,1.8,,,,,4.3,,,,3.2,,,,,2.0,3.3,,,4.1,,4.1,,,,,,,0.4,,,,,,,,2.2,4.4,,,,3.9,,,,3.0,,,,4.0,,1.4,2.4,0.6,,,,2.2,,2.2,4.9,2.7,,,3.2,,0.2,,,,2.2,,3.1,,4.2,,,,3.4,,,,,0.1,,,1.6,,,,,0.6,2.6,,,,0.7,,0.0,,,1.2,,,,,,,,,,,,,,,,,,,,,,,,,,,,,,,,,4.5,,,,,,2.8,4.4,,2.4,1.6,,,4.9,1.1,,,4.5,0.5,,,,0.8,,,,1.7,1.6,,,2.7,,3.0,,4.6,,,,,,,,4.6,,,4.8,,,3.8,0.2,,,,,,3.9,,,3.4,,2.2,3.7,0.5,,0.1,,,1.6,,2.1,,,,0.6,3.4,4.9,,,,,,0.7,,4.7,4.3,,,,,1.3,,,,3.1,4.7,,,,,4.7,3.6,,,1.2,,4.7,,1.0,1.8,,,,,2.2,,4.5,3.0,,,1.8,,,2.3,,,,0.5,4.6,,,,,4.6,0.4,4.1,,,4.3,2.1,,,,,,,,4.3,1.1,,0.9,,,,,4.7,,,,,,,,,0.6,,,,,,0.8,4.2,4.7,,,,1.5,,3.8,,4.7,,,,,,,0.0,,,,,,,0.8,,,,,,,,,,,,,,,,,,,,,,,,,,,,,,,,,,,,,,,,,,
2987094,3520447,31.59,R,15209,445.3,342.0,discover,232.3,credit,453.0,49.0,1191.2,,hotmail.com,,0.0,11.0,13.0,1.0,2.0,17.0,7.0,11.0,15.0,16.0,2.0,6.0,15.0,8.0,324.8,,,,296.6,,,,545.8,,,,61.1,,,,,T,M1,T,F,,,F,3.0,1.2,,4.1,,,,4.8,,,,,,,,,4.0,,,,3.4,,0.4,,,,,,,,,,,,2.6,,,,,2.8,3.8,4.8,4.7,,,,0.6,,,,,3.2,,3.2,2.2,0.2,1.8,,5.0,,,,,,,,5.0,,1.3,,,0.5,,4.7,,3.7,3.7,3.6,0.6,,,,,,3.9,,0.5,,,2.5,,,3.4,0.0,,,2.0,3.5,,,,,,,,,2.3,,,,3.6,,3.5,,,,,4.1,0.3,3.8,,,,3.8,,,4.1,,,4.0,2.7,,4.8,,,,1.8,,,2.3,,4.5,,5.0,,,,0.3,3.4,,,,,,,2.0,,,,,,,,,,,,,,,,,,1.3,3.5,,3.0,,,3.8,,3.8,,,,,4.7,4.8,,,,,,,,,,1.9,,,,,,0.4,4.0,,,,2.7,,,,,0.8,4.9,,,0.1,,,,3.4,,3.5,,,,,,4.5,,3.3,0.1,,,,,,,4.9,,,2.2,,1.0,4.2,,4.5,3.6,,0.7,0.2,,,,,3.9,,,,,,,3.9,,,,,,,4.4,4.3,,,0.1,,,,1.4,,0.8,,3.2,,,1.1,,,0.9,3.6,2.8,,1.9,,1.2,,0.7,0.7,,,1.9,,,,,,0.7,,4.5,,3.2,,2.0,,2.5,4.3,,,4.4,,3.6,0.3,,4.2,4.9,,,,2.9,,,,,,,,,,,,,,,,,,,,,,,,,,,,,,,,,,,,,,,,,,,,,,,,,,
2987095,3684705,100.0,W,13999,358.1,413.3,visa,377.3,debit,278.0,87.0,294.8,,yahoo.com,,1.0,17.0,10.0,16.0,7.0,14.0,8.0,2.0,5.0,10.0,6.0,0.0,19.0,7.0,209.0,,,,124.5,,,92.1,110.2,,231.6,216.1,,,265.0,F,,F,M0,,F,,F,,,2.5,,,,,,3.6,,,,,,,,,,,1.2,,,,,,,4.2,,,,,,,,,4.3,,,4.7,2.7,0.0,,,,,0.3,,4.8,,,1.9,,,,1.3,1.1,,,,1.2,,,,1.3,,,1.3,,,,,4.4,,,0.8,1.7,,4.6,,,,,4.3,,,0.9,,,,2.3,2.5,,,,,,3.8,,,,,4.5,,2.4,,,,,,,,,2.0,,,,,,2.4,,,,,,,2.3,,2.9,,0.3,,3.4,,,,2.6,,,1.8,,4.2,,3.2,,,3.5,,0.0,,1.0,,,,,,0.0,,,,,,2.5,,,3.9,2.4,,,3.5,,,,3.5,,,3.2,,,,,1.4,,0.2,,,,,,,,,,,,,,,,,,,3.0,3.1,1.4,,,,4.3,,1.5,,2.7,1.5,2.9,,3.0,,,1.4,,,,,,,,1.0,,4.9,,,,,,,,,,1.7,,,,3.2,3.9,,2.1,,,,,,,2.0,,,,,1.9,1.2,4.2,,,,,3.8,,0.3,,,2.1,,,,,3.6,,,,2.0,,1.9,1.1,1.4,0.5,1.3,,,0.2,,,,3.0,,0.4,,,,,,1.4,0.7,,,,,,,2.9,,0.1,,0.3,,,,,,1.1,,0.2,,,2.7,,2.4,,,4.3,,,,,4.1,,,,4.1,,1.7,,,,,,,,,,,,,,,,,,,,,,,,,,,,,,,,,,,,,,,,,
2987096,3745859,30.44,H,9439,390.5,314.6,visa,513.6,credit,127.6,70.0,779.4,,yahoo.com,,12.0,15.0,2.0,11.0,19.0,8.0,2.0,15.0,10.0,13.0,9.0,15.0,10.0,1.0,180.2,356.0,,148.5,,30.1,483.7,,6.1,382.2,363.6,387.1,,,433.6,,,F,,F,,T,T,T,,,,,1.8,0.4,,3.7,,,,3.5,,,2.4,,4.5,,,,,,,,1.8,1.1,,,,,,,4.4,,,,,,,,,,,,,,,,,,,,,,,,,,,,,1.2,,,4.3,,,0.7,,,,1.4,,,4.6,,,0.4,,1.8,,1.8,,0.2,,,1.1,,,,,3.2,,,,,,,,,,,,2.8,3.4,4.4,,,,1.6,,,3.6,,,,1.7,1.7,,,,4.8,1.8,,,,,3.5,4.1,,,,,,4.0,2.8,2.8,,,,,,,,,2.2,2.7,,,3.8,2.0,,,0.6,,,,,,3.7,,,2.7,,,,,0.2,1.4,0.8,4.1,,,,,0.2,,,,0.5,4.5,2.5,,,,,,0.3,,,1.0,,,0.1,,,,1.1,,,,,,3.4,,,,1.6,,,,,,,2.6,,,,,2.1,3.1,,2.1,,,,,1.4,0.9,2.3,2.2,,,,4.9,2.4,,,2.1,2.2,,2.3,,,0.7,0.1,,,,,,,,,,,,,,4.4,,2.5,,,,,,3.6,,,3.7,,,2.7,,,4.8,,3.7,,,,,4.2,,,,,4.1,,0.9,,0.1,,,,,,,,1.1,,,2.2,0.3,,,,3.2,,1.1,,,2.1,,,2.8,,0.3,2.7,,4.8,,,,,,4.1,,,,,2.2,,,,,,,,,,,,,,,,,,,,,,,,,,,,,,,,,,,,,,,,,,,,,,
2987097,3752798,26.42,C,1181,317.7,201.8,visa,113.2,debit,,82.3,1504.4,1172.6,gmail.com,,14.0,4.0,16.0,18.0,4.0,0.0,14.0,14.0,15.0,18.0,3.0,5.0,11.0,17.0,,,557.0,329.6,501.2,,,270.0,523.0,,458.7,54.4,,567.3,331.4,F,T,T,M0,,T,,,,4.9,,3.1,,,,,,,,,,,,3.5,0.8,,,,4.4,,,,,4.1,,2.5,,,,2.5,,3.8,,,,,,,1.5,,4.9,,0.2,,,4.7,,,3.7,,,,,,,,,,,,3.7,,0.6,,,,,,0.9,,,,,1.0,3.9,,4.3,,,,,1.6,0.0,2.9,,,1.8,,,4.9,2.1,,,,,2.9,3.5,,,,,0.5,,,,3.8,4.3,,0.6,,,,,,,3.4,,,,,,1.8,,,,,,1.4,,,,3.1,,1.5,3.0,,,,,1.5,,,1.6,,0.4,1.9,,1.8,,,,,,,,,0.9,3.6,,4.5,,4.7,,,4.3,,,0.8,,,,4.0,,,,2.5,,,0.2,,,,,0.6,,2.4,,,0.7,,,1.4,,1.4,,,,3.9,4.9,,,,,1.0,,,,,3.3,,,,1.9,0.3,0.3,,,1.8,,4.0,,,3.2,,,,0.3,,3.7,2.2,,,,,,,,,,,,,,,,,2.9,,,,1.1,2.1,,,,3.0,,2.3,0.3,0.8,,,,,,,,,,,,,,,3.3,,,,,2.0,,,,0.7,,3.5,,1.4,,,,,,,3.4,,,,,3.1,,,,2.7,,,,4.6,,3.6,,,,,,,,,,,,,,,3.9,,,,,,,,,4.5,,,,,,,,,,,,,,,,,,,,,,,,,,,,,,,,,,,,,,,,,,,,
2987098,3794239,26.63,C,4346,503.4,326.6,discover,348.5,debit,,,,1758.2,,,11.0,8.0,9.0,9.0,12.0,8.0,5.0,14.0,15.0,0.0,10.0,6.0,17.0,5.0,,180.8,,,,496.6,533.2,219.0,452.3,,332.5,579.7,179.6,14.1,,T,T,T,M1,T,,,,,3.5,,2.4,,4.0,,,,,,,,,,,4.1,,1.7,,,,,2.8,2.1,2.7,3.0,,3.1,,,,,,,,,3.6,,,,,,2.2,2.4,1.0,,,2.6,,0.4,,,,2.0,,0.8,0.1,1.2,,,1.4,2.3,,,1.1,1.6,,,1.9,,,,,,,,1.3,,,,,,1.1,3.2,,0.6,,2.2,,,,2.5,,1.7,,,,,,3.7,0.5,4.4,,,,,,,,,,,3.0,,,,,,4.9,2.0,,3.9,,2.5,,3.9,,,,,0.5,0.6,,,4.6,,,2.8,,,,,2.1,1.0,2.5,2.1,,3.8,,,4.7,3.9,3.1,,,,,0.2,,1.6,,0.0,1.8,2.5,1.0,,3.1,1.8,0.2,,,0.7,,,1.9,,,,1.8,,,1.9,,1.2,2.3,,,5.0,,,,,0.7,3.5,,,4.0,,3.2,,,,,,,,3.5,4.0,1.9,,,,,,2.7,,,,,,,1.5,,,,,,,4.6,,,,,4.2,,,3.1,3.0,,,,3.3,,,,,1.6,3.5,,,0.4,4.4,,,3.0,4.3,,,,1.1,3.3,,,3.9,,1.1,2.4,1.9,,,4.2,,,,,,,,,,2.5,,1.9,,,1.8,,,,4.7,,,1.8,4.5,,,,,,3.0,2.3,,,,,,,3.1,2.5,,1.3,0.9,,,,,,,,3.3,,,3.4,,4.9,1.4,4.4,,,,,,,,,,,,,,,,,,,,,,,,,,,,,,,,,,,,,,,,,,,,,,,,,,,,
2987099,3965405,35.35,S,11652,197.3,444.0,mastercard,218.3,credit,258.5,96.2,,698.9,gmail.com,anonymous.com,2.0,4.0,5.0,18.0,12.0,19.0,6.0,15.0,16.0,1.0,14.0,17.0,4.0,12.0,513.8,373.9,405.4,,,119.0,219.2,,,,553.9,384.3,541.0,,422.0,F,,,M0,,T,F,T,F,,0.6,,,,,,,,1.6,,,,,,,,,,,,,,,1.6,1.1,1.4,,,4.0,3.3,,,,,4.0,,,1.5,,3.5,,,,,2.7,4.7,,4.1,,,,,,,,,,,,,1.5,,,,3.4,,3.7,,,,,,2.3,,3.4,3.7,2.4,,,1.3,0.8,0.4,,,,0.5,,3.5,,,,2.6,,,,,,0.1,2.4,,,,,0.3,,,,,,,,,1.6,4.2,,,1.6,4.6,,,,,,,3.8,,3.6,2.8,,,3.7,2.7,,4.3,,4.9,,,,,2.8,,,,,,,1.1,,,,1.4,4.4,,,,,,1.7,3.2,1.1,0.2,,,,1.7,,4.7,,,,,,,,,2.4,,0.7,,,,,,,,0.1,,,,,,,,,,0.3,,,4.9,,,4.7,,,,1.8,,,0.9,,5.0,2.8,1.5,,,,,,,,1.5,0.8,,,2.0,,,,,,0.2,,2.9,3.8,,,,,,1.0,,,,4.9,0.2,2.5,0.7,3.8,,,,,2.5,1.6,,,,,0.3,,2.7,,1.2,,1.0,,,2.3,,,2.3,2.5,,3.5,,,2.6,,,,,,,,,,4.2,,,4.9,,,,,,,,,,,,,0.3,,0.9,1.2,2.9,,4.0,,,4.2,0.8,,0.4,,0.5,,,3.7,,,,0.4,,,,4.0,,,1.3,,1.2,4.2,,,,,,,,,,,,,,,,,,,,,,,,,,,,,,,,,,,,,,,,,,,
2987100,3990503,223.84,S,17021,390.5,131.3,discover,566.4,credit,295.4,29.4,1190.6,,,yahoo.com,9.0,0.0,5.0,17.0,1.0,1.0,3.0,1.0,17.0,6.0,0.0,6.0,3.0,5.0,,,3.3,132.8,,,,,561.3,121.2,54.4,101.4,,94.2,468.3,,T,,M1,F,T,F,,,,2.6,,,,4.0,,,3.5,,,,1.9,,,0.8,1.2,3.2,,3.1,,,,,,,2.6,,,,,,4.8,,,,,0.5,0.2,0.9,0.4,,,,4.8,,0.2,2.6,,,2.0,3.5,3.4,,,,,,4.0,,4.0,,,,,1.9,2.9,1.1,2.6,,,,,1.6,,,1.2,,,,,,,2.9,1.1,,1.3,,,1.6,,,1.2,,,,3.7,,,,2.5,1.0,,,,2.6,,,,,,,,,,,,0.2,,4.5,,,,1.3,,,,,,4.5,0.2,,,,4.2,,,,,,,,,,4.2,,0.5,,0.4,,,0.9,1.0,,1.8,,,4.8,1.7,,,1.8,3.6,,,,,2.7,3.3,0.5,4.8,,,,0.7,1.1,,,,,,,,,1.7,,,,2.3,4.9,,3.5,,,,3.5,3.7,0.2,,1.4,,,3.7,4.4,,,,,,,2.1,,2.9,,,,,4.0,,,,,1.3,,,,1.0,0.6,,,,3.3,,,,,2.8,3.8,,,,,,4.9,4.0,,4.1,,,,,,,1.2,,1.2,5.0,,,,4.6,,,,,1.7,,,,,1.1,1.0,3.0,,3.9,,,,,,,,,0.4,1.0,,,,4.2,,,,,,,,0.9,,3.4,4.1,,,,,,,0.4,,0.1,,2.1,,,,,,4.3,,,,,,2.2,,,1.3,4.0,,,2.7,,,,1.7,,,1.9,,1.0,,,,,,,,,,,,,,,,,,,,,,,,,,,,,,,,,,,,,,,,
2987101,4047180,12.84,S,9049,257.5,112.6,mastercard,228.4,credit,115.0,43.8,,,hotmail.com,,13.0,7.0,17.0,0.0,19.0,17.0,0.0,1.0,5.0,4.0,9.0,14.0,18.0,14.0,,,,174.4,79.5,546.8,592.5,,60.9,32.0,,,445.3,,,F,,,,,,,,F,,,,,,,,,,,,0.3,,,,,,1.5,,,,2.7,3.4,4.6,,,0.5,,,,0.4,,,0.9,,,2.9,,,,,,,,,,,2.8,,3.8,3.4,,4.3,2.0,,,0.9,,,4.6,,,,,3.2,,0.4,,,1.9,,,,0.5,,,,0.0,,,,,,,,,,,0.4,2.3,,,0.0,,,2.4,,,,,4.1,,,,,,,,3.6,,4.2,4.8,0.0,,,1.0,,,,1.7,,4.5,,,,1.6,2.2,,0.1,0.2,,,4.5,2.2,,,,3.7,4.0,,4.1,,,2.1,1.4,,,,2.9,,,,1.3,0.9,4.5,,,,,4.0,,,,1.9,,,,3.4,3.1,2.4,3.0,2.8,,1.8,2.4,1.7,,4.9,0.4,2.2,4.9,0.1,,,,2.5,,0.5,,,,,,,,,4.5,,,,,3.1,,,,,,,,,,,,2.0,,,3.8,,,,,1.0,,,2.2,0.9,2.5,,,,,2.7,,,,,3.6,,,3.2,,,2.0,,,4.5,2.6,,,,,,,,,,4.3,,,,,,,,3.7,,,,,,,,,,,,,,,,,,,,,,,,,,0.3,,1.9,,,2.4,0.7,,0.6,3.6,,,2.2,,,,,,,,1.6,,3.6,,0.2,4.4,2.8,,4.8,,,,,,,,,,,2.9,3.4,0.9,,0.1,2.2,,,1.9,4.3,,,,,,,,,,,,,,,,,,,,,,,,,,,,,,,,,,,,,,,,
2987102,4087942,185.71,H,15557,,377.4,visa,111.8,debit,368.6,,,,gmail.com,anonymous.com,19.0,3.0,19.0,14.0,15.0,10.0,17.0,2.0,4.0,4.0,15.0,6.0,7.0,19.0,452.7,,431.8,,,,503.3,,293.6,304.8,251.7,,,,,T,F,,,,F,T,,F,,,,,,,,,,3.0,,4.0,,,,3.9,3.0,2.9,,4.5,,,0.2,2.1,,3.3,,,,,,,,,,0.8,2.8,1.7,,1.2,,1.6,3.2,,,,,,2.0,,,,,,1.4,,2.9,0.2,,,4.0,2.1,,,1.2,1.3,,0.6,,4.1,3.6,,1.0,,1.7,,,,3.8,,,,,,,,,,,,,,3.0,,,3.3,,1.6,,,4.0,0.4,,,0.9,,,,,0.1,,,,,,,1.3,,,,,,,,,,0.2,,,,,1.2,,,,,,4.7,,,3.3,,,,,,,,0.9,1.2,,,,,,4.5,,,2.3,,,0.3,,,,,0.3,,1.4,,,2.5,,,,,,,,2.5,,,,,,,,,,3.3,,,0.9,0.7,3.8,0.3,1.9,3.7,5.0,,,,,4.1,,,,5.0,,,0.8,,3.6,2.8,,,0.5,2.2,,3.6,1.5,,,,,,4.2,1.5,2.3,,,,4.8,,2.6,2.4,,,,,,,2.5,,0.4,,,,2.8,,,,,,,,,,,,,,,2.7,3.5,,,0.3,,0.6,,,,,,,,,3.5,,,,,,3.3,,,,,,,,3.9,,,4.3,2.9,,,,,,,,,4.9,,0.7,,,,,,3.1,,1.4,,3.8,2.7,2.8,,,3.9,,,2.0,,,,,,3.2,,2.9,0.4,,,,2.6,,,,,,,,,,,,,,,,,,,,,,,,,,,,,,,,,,,,,,,,
2987103,4119770,3416.9,C,2984,125.9,368.5,mastercard,328.3,credit,446.3,78.5,,,,,1.0,15.0,12.0,5.0,7.0,12.0,2.0,0.0,11.0,11.0,3.0,18.0,2.0,6.0,109.4,,,516.1,,,89.6,68.3,,189.4,,376.5,,,,,,T,M0,T,T,T,,F,,,3.5,,,2.3,,,,4.7,0.9,,,2.3,,,0.3,,,,,,,,,,,2.9,,,0.2,2.0,,,,0.8,,0.6,,,3.1,,,,,,2.0,,,,,,,4.1,,,,0.8,,1.1,,,,,,,,3.3,,4.3,,,,,2.3,3.8,,4.8,0.0,,,3.4,4.4,4.5,,,,0.7,,,,3.2,0.7,,,3.7,,1.5,,,,,,1.1,,2.4,3.6,1.3,,,,,,,,,,,2.5,,,1.5,0.9,,,,4.1,,,,,,,1.3,4.5,,,,,0.6,2.6,1.5,,,,,,,,,3.7,,,,,3.4,0.2,,4.2,,,,3.0,0.6,,,3.8,4.3,,,,1.3,,,,,,3.6,,,,,,4.0,4.2,1.2,3.4,,,,1.5,5.0,3.0,1.1,1.4,,,1.1,,,,1.3,1.7,,,,,,,2.7,,,,,0.6,,4.2,,,1.4,,2.8,,,0.3,,4.9,,,3.8,,,,,,,3.7,,,,,,,1.7,1.5,,2.5,1.4,0.8,,4.4,4.7,,,,,4.0,,,,,,,,0.9,,,,,,,0.5,,,,,,,,3.3,,,,,2.9,,3.3,,,1.1,2.1,,,0.6,0.5,,,,,,0.1,,0.6,1.8,2.1,4.4,2.8,1.8,0.2,,,,0.1,,,4.2,,,,,,,0.2,,,,,2.2,,,,,,,,,,4.1,,,20.1,34.1,,-44.7,40.3,39.4,-25.8,-15.9,,,New,47.5,47.5,,NotFound,-25.2,16.4,,49.8,30.3,-39.9,New,-25.7,,-33.3,,NotFound,NotFound,,NotFound,24.3,,,Found,Found,NotFound,,mobile,New
2987104,4143547,54.58,R,13617,124.2,,discover,370.2,debit,297.5,80.7,1770.3,,hotmail.com,,0.0,6.0,17.0,10.0,0.0,2.0,13.0,0.0,19.0,2.0,13.0,1.0,4.0,1.0,,223.8,370.0,95.1,,585.9,379.5,590.2,,551.6,,,42.2,123.0,356.2,,,,M0,T,,F,F,F,,1.4,,,,,2.8,,,,4.8,,,,2.7,,,,,,,,0.8,,3.3,,,0.2,,4.8,,,0.2,,,,,0.1,3.7,4.0,,,,,,,,1.9,1.8,2.5,,,0.8,,,,,4.7,,,,,1.5,,,,,,,,3.4,,,,4.0,4.8,4.9,,,,,,,,,,,,,,,,,,3.3,,2.5,,,2.7,3.1,,3.7,,2.7,,,3.6,,,0.7,4.3,0.0,,,4.6,,2.7,4.7,,,2.2,,2.1,,,0.9,,,,,,3.7,1.1,,,,,,,,4.7,1.8,,5.0,3.5,4.4,,1.0,4.9,,5.0,,,,2.6,,,,1.4,,,,,,,,2.2,,4.2,,,,,,,3.0,,,,,,3.5,0.1,,,,3.9,,,3.2,2.5,,,4.4,,,,4.0,,,0.0,0.5,,,,,0.4,1.5,,,,4.4,1.8,,,,,,,,,,,1.8,,,,,,,5.0,,,,,4.7,,2.5,,3.8,3.0,2.1,2.4,,,0.1,2.1,,,,,,,,,,3.6,,,3.1,,,3.7,,3.9,,2.4,,,1.8,,,0.1,,3.4,,,,3.9,2.6,,,,,3.9,,1.2,,3.5,,2.4,3.1,,,0.6,,,2.5,,,,,,,,3.1,4.9,,,,,,,,4.4,2.3,,0.1,,,2.2,,0.6,3.0,,,,3.2,4.5,,2.9,1.0,,0.9,,,,0.7,48.8,,,-42.4,25.9,-22.9,-49.9,14.1,40.1,-13.0,,New,,-45.5,Found,NotFound,43.7,41.8,-36.4,-10.7,47.4,14.2,Found,,,32.8,,,Found,Found,New,-0.5,New,,Found,New,NotFound,NotFound,desktop,New
2987105,4166506,875.31,C,9588,131.3,562.8,mastercard,555.8,debit,366.5,18.8,,,gmail.com,yahoo.com,4.0,8.0,15.0,10.0,4.0,16.0,3.0,0.0,14.0,2.0,18.0,10.0,8.0,7.0,351.0,,,,,,,540.8,,293.2,488.6,243.1,,149.2,299.6,T,T,,,,F,T,F,T,,,,,,,,,2.3,,,,,0.4,0.4,,,,,,,,,,,,2.0,,,,,,4.5,,,,,,,1.7,,,2.8,1.7,,0.3,,3.2,0.8,,,,,,,,,1.7,,,,,3.4,,,2.1,0.9,,,,,,,1.6,1.7,3.1,1.0,,,,,4.6,4.5,0.5,0.4,2.5,0.6,,4.7,,2.2,1.5,,,,,4.3,,,,3.1,3.5,,,1.1,,,,,,,,,,2.8,,,,1.7,,4.0,,0.5,,,3.6,3.0,,2.7,,,1.1,3.0,5.0,,3.7,1.4,,,,,,,1.1,,3.2,,2.1,,1.4,,,,,,,0.1,,,,,,3.4,1.4,2.6,,,,,4.0,,,,4.0,,,,,,,,,,3.0,,,0.3,3.6,,2.7,,,,0.7,3.9,,,,,,,,,0.4,,,,,,,,3.7,,,2.7,,,,,,2.2,,,4.5,,,,,,,4.1,,,1.7,1.9,,,,,,,3.7,,0.9,2.5,,2.3,2.0,,1.2,,,,,4.4,,,1.6,1.4,,,,,1.5,,,,,,,0.8,,,,,,2.6,3.3,,,2.5,,,,1.7,,,,,4.8,,,,,3.1,,,4.5,,,,,2.7,,2.4,,,1.1,4.8,1.2,,,,,,,,,,,,,1.9,,3.0,,,,,,,3.7,1.5,3.9,,,4.3,,,,,,,,,,,,,,,,,,,,,,,,,,,,,,,,,,,,,,,,,,
2987106,4170550,164.76,S,4332,381.3,232.5,,129.3,credit,118.3,,479.3,,yahoo.com,anonymous.com,9.0,14.0,10.0,14.0,9.0,6.0,5.0,0.0,16.0,10.0,15.0,0.0,9.0,0.0,241.3,64.1,,238.7,15.8,,173.9,,,,,,,341.9,,F,F,,,F,T,,T,F,3.7,,,,,2.4,0.9,2.7,,,,,2.5,,4.9,,1.8,,,,,,3.8,4.0,,,4.2,,,,,,2.9,4.1,1.3,4.8,,,,,4.0,4.8,,,,,,,,3.2,,,1.2,,2.7,,,3.1,,4.5,,2.9,3.1,0.6,2.3,,2.4,,0.0,,0.4,,3.3,1.1,,,1.8,,2.0,0.6,,,,4.5,,2.4,,,,,2.8,4.4,,0.8,2.3,,,3.0,,,1.8,,,,,,,,4.5,,,4.4,,,0.0,,1.7,,,,,4.3,3.0,3.4,,2.4,,,,3.2,0.6,,,1.4,,1.0,,,,3.8,4.2,,,,,,,1.5,,1.2,3.5,,0.6,2.4,3.4,,,,,,,1.5,3.9,,,,,3.2,1.4,4.4,,4.5,0.9,,0.9,3.3,2.8,,,,,,1.3,,,,0.4,,1.6,,,,0.1,,,,,4.4,,,,,,,,0.3,,0.6,,,4.9,,,,,,3.1,,,,,,,,,,,,,,4.6,,0.7,,0.4,,,,2.2,3.2,,,,2.1,,4.2,,,,,,2.0,2.9,,,,,,,,,,3.4,,1.1,,,,,,,,,,,0.5,,1.6,4.9,0.9,,,1.8,2.3,,4.7,3.9,2.9,,,,,,,,,3.0,,0.9,,,,,4.6,,3.0,,3.0,,,4.4,,,,,3.9,,,,,,,,3.8,,,,,,,,,,4.3,0.5,,0.1,,,,,,,,,,,,,,,,,,,,,,,,,,,,,,,,,,,,,,,,,,
2987107,4194624,410.65,C,11871,481.5,187.4,visa,535.5,debit,,55.5,,,hotmail.com,,19.0,8.0,2.0,2.0,14.0,8.0,15.0,11.0,14.0,8.0,18.0,6.0,1.0,12.0,,256.8,10.5,,573.8,,336.6,541.4,,,123.2,61.6,,543.5,,T,,,M0,F,,T,,,4.5,,,,,,,,,4.5,,3.5,2.2,4.2,,,,,,4.1,,,0.4,,,,1.3,,,,,3.2,,0.1,3.7,0.3,3.9,,,,2.3,,,,,4.2,1.4,1.8,,,4.8,,,,2.6,0.3,4.9,2.6,,,1.3,,,1.6,,,,,,3.5,,,,,,,,2.2,,,,3.5,,,,,,,,4.6,5.0,,,,,3.5,,,,2.1,,0.4,4.0,,,,1.4,,4.6,,1.7,,,4.9,,,,,,,,,,,,,,,,,,0.9,,,,0.5,,,,,,,0.2,,,4.1,,,0.0,,1.3,,0.3,,,4.6,,4.1,0.3,,,3.5,0.7,3.0,,,,,,,4.8,,,,3.3,,,0.9,,,,,,,3.9,,,0.2,,,2.9,,,,,,,1.4,,,,,,4.3,,,3.5,1.0,,,4.0,,4.8,,3.5,,,,,,,,1.5,,4.0,,,,1.4,,1.9,,,,,,4.0,,2.8,,,,0.6,0.4,,3.4,0.2,,2.2,,,3.3,,,,0.1,0.5,,1.1,,0.3,,0.3,1.0,,,,,,,,4.1,,4.5,2.9,4.9,,,,,1.3,,3.6,,4.2,1.2,,,4.9,,,2.2,,2.9,,,,,,1.5,,2.7,3.4,,,,2.3,,,2.7,,,,,0.8,,,0.8,,,,,0.6,2.8,,3.9,4.1,,,,,0.5,,,3.8,,,,,,,,,,,,,,,,,,,,,,,,,,,,,,,,,,,,,,,,,,,,
2987108,4213137,49.12,W,14160,565.3,364.4,visa,301.5,credit,264.6,17.7,,,,,5.0,11.0,15.0,5.0,17.0,11.0,6.0,3.0,4.0,18.0,7.0,13.0,5.0,8.0,126.1,109.9,,155.0,428.1,556.9,449.3,,247.5,225.8,67.8,,,528.6,,T,F,T,,F,,T,,,,4.2,0.8,,4.9,0.5,3.6,,,,1.4,0.4,,3.2,,,,,,2.6,,,4.8,0.0,,,2.8,,,,,,2.7,,4.0,,,,4.8,1.6,,3.9,,,1.5,,,,,,3.5,,4.5,3.8,,2.7,,,,0.9,,,,3.2,,,4.7,,,,,,4.5,,3.3,,,,,,,0.9,,4.2,,1.2,,,,3.1,,3.7,,,,,,,,4.3,3.7,,,1.8,1.5,,,,,,,,,,,,,,,1.9,3.8,2.6,,,,0.7,1.1,,,,0.4,4.0,,,,,,,,,1.6,,4.2,4.7,,,,,1.1,3.0,,,2.9,0.3,,2.9,0.6,1.0,,,,4.1,,,,2.3,,,,,,,,,,3.4,,,3.0,,,,,,,,,,,,,,,,,0.7,,,,,2.8,2.5,,4.9,,,,,,3.8,4.7,2.0,,,,3.6,,0.5,,,,,,,,4.7,,,2.4,,0.6,,1.4,1.1,,,2.1,,,1.7,,,,,,,,0.2,,2.4,0.4,,4.0,4.6,,1.9,0.5,,,,,,,,0.4,1.6,2.4,4.4,1.4,3.0,,,,,,,,,,,,2.4,3.3,1.3,,1.3,3.0,1.4,,,,4.6,,,,,0.7,,1.8,2.0,,,,,,,,,,,,,,,4.1,,,1.1,,,,1.0,4.2,,3.4,,,,1.7,,,,,2.6,,,3.4,,,,,,,,,,,,,,,,,,,,,,,,,,,,,,,,,,,,,,,,,,
2987109,4300307,58.08,C,17296,181.8,598.3,discover,181.4,debit,118.5,86.1,235.8,,hotmail.com,,7.0,15.0,14.0,2.0,6.0,18.0,9.0,16.0,11.0,3.0,1.0,13.0,17.0,4.0,465.5,,,395.0,,460.8,,188.6,27.6,72.7,,469.6,,104.3,565.5,F,,F,M2,T,T,T,T,T,,,,4.3,4.5,,4.4,,,,,,,,,4.4,,,0.3,,,,,2.2,,0.6,,,3.0,,,,,,3.0,,0.8,4.7,3.9,,1.2,,,2.1,,0.0,,,4.9,,0.4,,,,,,,,,,,,,,3.1,,4.1,4.9,0.4,,0.4,,,,,,,,,,,,,,3.9,,,,,,4.5,,,,,,,,,,3.8,3.9,,,,1.4,2.6,,,,,,1.7,,,,,,,1.1,4.1,,,,4.7,,4.8,,,4.6,,0.3,,,,,,0.8,3.4,,,,,,2.3,,,4.3,,,,0.2,,,4.6,,,,,,,,,4.5,,1.8,,,,0.4,4.6,,,,,,,,,,,,4.6,4.1,4.3,3.7,0.4,3.1,,,,,,,,3.2,2.1,,,,4.1,1.2,2.6,2.5,2.6,4.5,4.4,1.0,,,0.2,1.7,,0.8,,,,,4.7,,,1.8,4.9,,2.2,,,,,3.8,1.7,2.9,4.8,,,,,,,2.9,,1.2,,,3.1,1.1,1.6,1.0,,2.0,,,,,,,,,,,,,1.8,,,2.2,,2.1,4.7,,,4.4,,,,3.7,,,,0.9,,,,,0.7,4.7,,,,,,2.0,,1.4,,,3.8,,,,,0.6,,,,,,,,,,0.5,1.0,,0.0,,4.5,,,,,,,0.6,,3.3,,,2.6,,,,,,,,,,,,,,,,,,,,,,,,,,,,,,,,,,,,,,,,,,,,,,,,,,
2987110,4359936,7.64,W,7341,401.4,206.7,mastercard,562.5,debit,378.9,24.3,1525.2,,yahoo.com,,0.0,11.0,16.0,19.0,16.0,17.0,17.0,13.0,13.0,3.0,18.0,19.0,16.0,12.0,150.8,,30.4,191.7,461.3,594.9,503.6,,,,,538.5,,15.4,,,T,T,M0,F,F,T,,,,5.0,1.2,,,,4.1,5.0,,3.8,2.8,,,2.9,2.2,3.4,,,,,,,,,,,2.9,,1.6,,,4.5,,4.5,2.0,,,,,,,,,,,,,,,,0.3,,,,1.3,2.9,,,0.9,,2.4,,4.5,3.9,,,,,,3.4,1.6,1.0,,,0.2,,,,1.7,,,,,,,,,,,,,,,,,2.2,,,3.2,,,,,1.4,2.5,2.7,,,,,4.6,3.2,,3.5,3.1,,,,,4.8,2.2,,3.8,4.6,,0.8,,1.6,4.7,,,,1.1,,,,4.0,5.0,,,,3.0,,,2.0,,,,3.7,,,2.8,,4.2,,1.2,,,,,,,4.8,,,,,1.2,,,,0.6,,,,,5.0,4.5,,,,,,4.0,,0.2,,,,,,,,,1.1,,,,,,,,,,1.0,,,,1.3,,,4.9,,,,3.6,0.2,,,,4.1,0.6,,3.9,,,,3.2,4.7,4.6,,,0.9,4.1,,,4.5,3.4,,,2.8,2.6,,,,2.1,,,,,,,1.9,,,,,,,,,,,,,,,,,,,4.7,,,,,,,,,2.6,,,0.2,,,3.9,,2.6,,,,4.2,0.6,,,,,,,,1.2,,,1.7,1.7,,,,,,,,,,,,2.5,0.2,,,,,,,,,2.9,,2.6,0.4,,,2.1,,3.6,,,1.9,,,,,,,,,,,,,,,,,,,,,,,,,,,,,,,,,,,,,,,,
2987111,4385122,94.93,S,11641,101.2,490.4,visa,213.5,credit,394.0,94.2,,,yahoo.com,,9.0,13.0,18.0,5.0,11.0,10.0,14.0,6.0,7.0,1.0,3.0,8.0,18.0,1.0,,127.0,568.1,,,,477.7,362.1,,191.1,429.6,310.2,476.6,,,,F,T,M2,,F,,,,,,,,,4.3,2.9,,,,,,1.2,1.5,,3.0,,,,,,0.9,,4.4,,,,,,3.3,2.3,4.3,1.8,,,,,,,,3.9,,,0.8,,,2.6,,,,1.1,,,,0.4,,,,,3.1,,,,,,,0.1,,,,4.0,,1.1,,,1.1,,,,,4.1,,,,,,,,0.5,,,1.2,,4.2,,,,4.0,,,,,,,0.9,,3.8,,,4.7,,,,,,,,,,0.6,3.7,3.3,2.8,2.6,,,,1.5,,0.7,,,,,,,,,,,,,,1.3,,,3.6,,,4.6,,4.6,,,,0.0,,,2.7,,,,,,0.4,,1.8,,2.7,,,,,,0.5,1.5,,,2.3,,0.1,,,0.0,,,,1.1,,,,3.9,3.6,,,2.0,3.4,,,,1.5,,,0.5,,4.7,,2.6,1.6,,,,,1.9,,,,,,1.5,,2.6,,,,3.6,,1.8,,4.8,2.6,,,,,,,3.0,,,2.5,,1.9,,,,,,1.7,,3.2,,3.1,,,,0.7,2.8,,,,,,,,,,4.5,3.2,,,,,,,4.8,,,,,,,,,,,1.5,,,,,,,,2.5,,,,,,,,,3.7,,,,,2.5,,,,4.9,,2.2,,,,,,,4.6,,2.9,,,,,1.7,,,,,,,1.5,4.7,,0.4,,,,,,,,,,,,,,,,,,,,,,,,,,,,,,,,,,,,,,,,
2987112,4405879,93.85,R,4197,212.1,236.9,discover,246.8,credit,397.5,16.1,,,hotmail.com,,2.0,9.0,12.0,1.0,11.0,4.0,8.0,1.0,8.0,15.0,5.0,3.0,9.0,3.0,,234.1,351.0,,,,,,,234.6,,,424.0,,,T,T,T,,T,,,F,,0.1,,,,3.9,,,,,,,3.5,1.6,1.3,,,1.8,1.2,,4.9,,0.7,,,0.2,3.5,,3.7,,4.6,,,0.4,3.1,,,,,1.5,,,1.6,,,,3.6,,,,4.8,4.7,,,,2.8,2.6,,,,4.7,0.2,,,2.4,,1.2,2.2,,2.5,,,,3.1,0.1,1.0,1.9,,,2.7,3.8,,,1.3,,2.6,1.1,,,4.0,,,2.3,,,,,,0.2,3.3,,0.4,,,,,,,,4.3,,,,,,,,,,,,,,4.9,5.0,,1.4,,,,,0.2,2.1,,,,,0.2,,,2.8,,,,,4.0,,,,,1.0,,4.3,3.5,2.4,,,,,,0.9,0.3,,,,,,,,,3.0,,,4.9,,,,,1.2,3.1,,,3.0,,,2.4,,,,0.2,,,,,,,,,,,1.7,,,,,,,,,,1.9,0.6,4.8,3.8,,,1.3,,3.5,,1.5,,0.6,4.2,,0.9,,,,,3.0,,,,,3.8,,,,2.5,,,,3.4,,,,3.0,,,3.3,,4.4,1.8,,2.5,2.5,,,,,,2.0,,,2.0,4.5,,,,,,0.7,,,4.3,,,,,,,,,,,4.3,,2.6,4.2,,,,4.3,,,,,,,,,3.3,,,0.2,,,,,,,,,,,,,,1.9,1.8,,,,,0.0,,,,1.7,,1.0,0.7,,,,,3.1,,,,,,,,,,,,,,,,,,,,,,,,,,,,,,,,,,,,,,,,,,
2987113,4445053,22.6,C,12480,388.8,584.9,visa,500.2,credit,,,1313.0,,gmail.com,gmail.com,13.0,13.0,8.0,7.0,1.0,6.0,7.0,5.0,10.0,10.0,16.0,6.0,1.0,0.0,0.0,348.5,,266.0,277.8,295.8,469.3,,171.5,168.2,,,129.1,523.9,0.0,,,,M2,,,F,T,T,,,,4.4,2.3,0.9,,,2.4,,,,,,,,1.0,0.9,0.7,,,,,,,0.3,,,,,,,,4.7,,,,2.3,,,1.2,1.1,3.6,,,,,1.2,,2.6,,2.2,,,,,,,2.8,,,3.5,,,,,,,,0.0,4.6,,,3.0,,,,,1.3,,,4.2,,,,,4.4,,,,4.9,3.7,,2.7,,,,,,,,,,,,,,,0.5,,,2.0,,,,4.0,4.1,3.0,,,,1.0,,,1.1,4.5,,,,,,,0.8,,1.4,,,,4.6,,1.1,,,,,,,1.1,4.6,,,,0.7,0.6,,2.2,,,,,,3.7,,,1.3,,,,,,4.4,,,2.9,,2.3,,,2.6,,,,,,,,,2.5,0.7,2.7,3.1,,,1.2,0.0,,,,,,,,,,1.8,4.4,3.6,5.0,,,,,1.7,,,,,3.0,,,,,,,,,,0.7,4.0,0.8,,,,,2.5,,,2.1,,,,1.6,,0.9,4.8,,,0.8,,,,,2.0,,,2.9,,,,1.2,1.0,,,,3.4,1.8,,,,0.4,,,2.7,,,,,5.0,,,,0.3,,,,0.0,,1.2,,2.3,,,,3.7,,,,,,,,,,0.8,0.1,,,3.7,,,,,3.6,,2.3,1.9,,0.0,0.6,2.2,,,,,,,,,,,,,,0.3,4.9,0.6,,,,-5.0,168378.0,-20.7,-2.2,-8.5,-32.2,,,-48.7,-4.3,31.7,NotFound,,,New,,,,39.8,,27.6,,Found,,7.2,-25.6,NotFound,New,NotFound,NotFound,chrome 66.0 for android,-40.4,New,Found,F,F,T,F,mobile,Found
2987114,4482640,204.91,W,10139,170.6,487.8,mastercard,193.6,debit,143.1,51.5,,,gmail.com,,16.0,8.0,6.0,11.0,0.0,10.0,1.0,4.0,14.0,6.0,16.0,13.0,2.0,4.0,,,,,,,,,,,226.7,219.6,,141.0,,,F,,M2,F,T,,,,1.4,,,3.0,,,2.3,,,4.1,,3.8,,,,,,,,,,,0.3,,,,,2.8,,0.8,3.0,3.0,,,,,3.6,,4.2,,,4.5,,,2.2,4.0,2.3,3.4,,,,1.2,,3.4,,3.4,0.1,,,,4.1,,,3.9,1.7,,4.2,3.1,,,1.9,4.5,,,2.3,1.8,1.8,,,3.7,,,0.8,,1.2,1.6,,0.3,,,,,0.5,,,,,1.7,2.6,,4.4,,,,,3.1,3.7,,,,,,,,,,,,,4.3,,,1.8,3.1,,,,,,0.1,,,,2.2,,,,2.7,1.2,,,0.0,,,1.5,0.8,,,,,,,,3.7,4.9,4.7,,0.6,4.3,,,,,5.0,2.2,1.2,1.1,,3.2,,,4.8,,,,,1.7,0.2,2.5,,,,,,,4.2,,,0.1,,,,,1.8,,,,3.2,,,4.8,,3.7,,,,,,,,4.9,,,2.1,0.3,2.5,3.0,,3.6,,,,4.8,,,,,4.2,,,,3.8,,,,,0.6,,,3.8,,1.9,2.2,2.0,,,,4.3,,,,,,,,,,,4.1,1.0,2.2,,,1.5,3.6,,,4.8,3.0,,,0.1,,1.4,,4.3,,3.6,,,2.4,,,4.6,,,,,,,2.1,,3.9,,,,,0.9,,3.8,2.3,4.3,,,,1.2,,2.3,,,4.5,,,,,,,3.0,4.5,,,0.7,,,,,,,0.9,,,,1.3,2.1,,,,1.2,4.7,,,,,,,,,,,,,,,,,,,,,,,,,,,,,,,,,,,,,,,,
2987115,4486454,10.19,W,10694,212.2,257.7,visa,231.7,debit,263.2,32.7,1151.2,,hotmail.com,,2.0,18.0,11.0,4.0,15.0,12.0,4.0,7.0,3.0,7.0,15.0,14.0,18.0,13.0,594.9,,,232.0,,,,,,,,,,147.8,,T,T,F,M1,T,,,T,F,,0.3,1.2,,,,1.8,,,,0.5,4.7,,,,2.4,2.0,0.2,,2.2,2.8,,,,,,2.2,1.4,,,0.4,1.9,,,,,,,,,1.6,,4.3,,,,,,,,,,,0.1,,4.9,,2.6,,2.1,,,4.2,,,,4.2,2.2,,,,,,,,4.8,2.9,2.4,,,,,,,3.6,,1.1,4.3,,,,,,3.8,,,,,,2.8,,,,,3.2,,,0.1,,3.6,,,0.1,2.6,,,,,,,,,0.2,4.1,,,,,2.8,,,,1.2,,,,0.9,0.8,,,,,1.6,4.5,,,,,3.0,,2.7,,,1.0,,,4.2,,1.0,1.8,,,,4.0,,,1.3,,,,,2.8,,1.5,,2.2,0.2,,,,,2.6,,,4.0,1.4,,,0.2,,,,,3.3,,3.9,,,,,,,,3.8,,,,1.7,2.3,,,2.6,,,,,3.9,,,2.0,0.6,,,,2.9,,,,0.3,4.9,,,,,,2.0,,,,0.9,3.0,,,,,,,,,,,,3.5,2.3,,2.7,,,,0.1,,,,,,,,,,,,,,,2.7,3.5,,,,2.0,3.6,,1.4,,,,,,3.9,,,4.2,,,,,,2.9,,,,,,3.7,,4.9,3.9,,,,4.3,,,,,2.5,,,,,2.4,,,,4.0,,,,,,,,4.8,,,,,,,,,,,,,,,,,,,,,,,,,,,,,,,,,,,,,,,,,,,,,,
2987116,4487895,38.9,R,17331,470.0,170.4,,486.6,debit,436.8,52.9,1964.5,,hotmail.com,,16.0,16.0,2.0,12.0,8.0,9.0,14.0,17.0,2.0,1.0,12.0,17.0,19.0,6.0,,301.1,406.5,,,268.4,,258.0,311.6,,,,,,,T,F,F,,,T,F,F,T,,,0.7,4.9,,4.3,4.1,,3.4,,,,,,,4.1,,,3.7,0.4,,,,,0.2,,1.6,1.2,0.9,,2.5,,,,,0.6,,2.9,0.3,,,,0.7,,,,,,,,3.7,,,2.4,1.4,,,0.4,,0.3,,,1.0,,,,3.1,2.1,,2.7,,3.7,,,,3.2,,4.7,,4.6,,,,2.2,4.6,,2.0,5.0,,,,,2.9,,,0.8,,,,,,,,,2.5,,3.3,,,,,4.7,,4.6,,3.8,,,0.8,,,0.2,0.7,2.1,,0.3,4.7,,,3.3,,4.8,,3.3,,,,,2.8,,,,,,,,,,0.4,,,,,,,,,0.3,,,,,,,,4.6,2.6,,,,,,,,0.8,,,,3.1,,,,4.0,,0.1,,,,,,,,3.5,,,,,1.0,,,,,4.3,,,,4.0,,,,4.7,4.7,,,,,3.1,,,4.2,,3.4,1.4,,,,0.6,,,,,,1.2,,3.8,,,,,1.9,,,,,0.7,,,4.4,,2.6,3.6,,,1.2,,,,2.4,,,,,,,,,,2.8,0.3,,,2.7,,,,,,,,,,,,,,,0.2,4.4,,,,1.7,,,,,,,,3.8,,,,,,,,,4.6,,,,3.5,0.3,3.6,,0.7,,,,,,4.3,,,2.9,,4.4,1.2,0.7,,,,,,2.0,1.6,3.0,0.0,44.9,-11.8,-21.8,,,-49.1,42.7,39.0,,,-46.6,New,-42.2,33.6,New,Found,-24.0,-38.1,,29.0,,,New,,49.0,-2.3,Found,,New,,Found,17.6,NotFound,New,NotFound,New,New,NotFound,mobile,
2987117,4563215,62.41,H,5077,257.6,,visa,535.9,credit,370.6,40.1,,,hotmail.com,,9.0,6.0,12.0,2.0,16.0,10.0,15.0,6.0,3.0,10.0,10.0,15.0,3.0,5.0,347.3,377.5,,,,,,358.5,336.2,,,223.7,,,,,F,F,,T,,F,F,T,,1.1,,4.3,,,,,,,,,,3.9,,,,,0.3,,,4.2,0.6,1.7,,,,2.8,1.6,,3.8,4.8,,0.4,3.3,,,3.1,,,,,,,,0.0,,2.4,0.1,,,,,,,,,,,,1.9,,3.2,,,,1.6,,,2.0,,,3.7,3.7,0.5,3.2,,,0.4,2.2,,0.8,4.0,2.2,2.2,0.2,,,,,,,3.9,2.1,,4.1,,,1.4,0.2,,,,4.3,5.0,,,,4.1,,,,,,,,,,,,,,,,2.1,,,,,,0.7,1.7,1.0,,,,2.8,4.6,,,,,,,0.7,,4.2,,,1.3,,0.6,,,2.2,3.2,,1.5,,,,4.0,0.6,1.5,,,,2.9,,,,,,,,0.2,,,,,,2.1,2.3,3.9,,,,,,,2.0,,,,,,,,,2.0,,4.3,,,,3.2,,,,,,,,0.1,,,,4.0,2.4,,,4.7,,4.0,,,0.3,3.9,,,,,,,1.5,,,,1.2,0.0,4.0,,,,0.4,,2.3,,1.9,,,,1.7,1.2,,,,2.5,1.8,,2.7,,0.4,4.7,0.7,,,,,,0.2,,0.6,,,,,,,4.4,,1.6,,,0.2,,,,,0.1,,,,,2.0,1.4,,3.4,,1.9,,3.2,2.0,,,,4.6,,4.2,2.2,,2.4,,,,,,1.0,,,,,,2.9,4.3,,0.8,,,,,3.8,3.0,,,,,,0.1,,12.9,,30.6,-40.9,-11.0,0.8,3.8,-7.5,,46.6,,-48.9,-33.2,NotFound,NotFound,-6.5,,,,,-38.2,,22.6,,,New,New,New,NotFound,,-3.9,Found,New,,New,Found,,desktop,NotFound
2987118,4680747,384.14,R,16395,360.3,358.1,discover,281.7,debit,,39.8,,,hotmail.com,,17.0,9.0,12.0,0.0,5.0,2.0,12.0,13.0,7.0,3.0,6.0,9.0,13.0,2.0,,228.0,,171.1,,103.3,152.7,,,,159.5,596.9,,,317.8,,T,,M0,F,F,F,F,T,,,,2.8,,,,,,0.9,3.2,,,4.1,,,,2.1,,0.3,0.6,,0.2,,,,,,,,4.5,,,3.9,3.0,,,,,,,,,,,,3.1,,,0.2,3.3,,0.5,3.6,4.9,,,3.5,,0.2,,2.8,3.3,,,4.5,0.5,3.5,4.8,2.2,,,,,,,,,,,,,,,4.7,,,,,,,,,,,2.9,,,2.8,,,,,,,,4.9,4.7,,3.3,,,,,,,,,,,,,,,,4.1,,2.9,,,,,,3.2,,,,,,,1.0,,,,,,4.0,,,,,,,0.0,,,,,,,,2.5,0.5,,4.6,1.3,,,,,,,3.1,,,,,,,,,,1.2,,,,,,,,0.9,,3.8,1.9,,,,2.2,,,2.2,1.6,,,,,,,,1.6,,1.2,0.5,,,,,1.2,2.5,4.7,,,,,,1.6,,,,2.5,0.9,0.7,3.6,2.0,,,0.6,,,,,0.4,,,,,,,,,4.7,,3.5,,0.6,,,,,,,,2.9,3.8,,2.5,,,2.5,,,2.9,,,,,,,,,3.9,,1.8,0.9,3.6,,,,,,4.5,3.2,1.9,3.2,1.5,,,,,,,,2.9,,0.9,,3.3,,3.9,,,4.1,,,,,,,,1.6,,,,4.6,,,5.0,,,,1.2,,,0.1,,,,,,-23.2,,-16.4,-34.1,,,1.6,,23.0,-19.3,-29.3,New,24.8,10.1,NotFound,Found,,-5.9,26.3,-28.9,48.3,,NotFound,9.4,11.6,,Found,New,,NotFound,New,28.8,New,,,Found,,,desktop,Found
2987119,4744978,9.93,W,9244,273.5,292.9,discover,569.7,credit,445.0,86.9,1150.8,,gmail.com,,7.0,7.0,11.0,12.0,14.0,14.0,16.0,12.0,11.0,0.0,14.0,2.0,19.0,11.0,175.3,596.5,,,,,218.1,,469.6,,224.5,544.8,,,223.0,T,F,,M0,F,,F,F,,,,,0.7,,2.5,,,,1.8,,,,,,,,,,,,,,,,,,,,3.9,,,,,0.4,2.5,3.3,,,,0.9,,0.1,,,2.9,,,,,,1.4,,,,,0.3,0.4,1.4,4.7,4.6,,,4.3,3.4,1.4,,,1.2,1.1,,,3.5,,,,,,,2.9,,,2.0,,,,,,,,,,,,,0.5,1.8,,0.1,,,,1.1,,,0.4,,,3.4,,,,,4.2,,1.7,2.3,3.2,,,,,,,,,,2.8,0.6,4.2,,,,3.9,1.6,,,,,,1.7,,,,,1.6,,,4.5,2.8,,,,0.5,,,,1.6,,0.1,2.1,,1.5,,,,4.2,,,0.8,1.8,,,,,,,,1.2,,,,,1.9,,4.6,,1.5,,,,,,3.1,,,2.9,,,2.3,2.0,,,,,0.1,3.6,1.0,,,3.0,,3.7,,,,,1.8,,,,,,,,0.2,,3.1,,,,,,,,3.9,1.7,0.2,,,,2.0,,,3.5,,2.9,,,,,,3.9,,,4.5,,,1.7,2.0,4.7,,,3.4,,1.2,1.6,,,4.2,,,,,,,,3.1,,,,,,,,,,,,,,4.7,,,2.3,,,0.5,,,,,,,,5.0,2.4,,,,1.9,,3.9,,2.7,0.2,2.2,,,,,,,3.0,1.4,,,4.5,,,,,,2.7,,1.7,,,3.7,,,,,,,,,,,,,,,,,,,,,,,,,,,,,,,,,,,,,,,,
2987120,4775165,44.34,H,2511,461.3,141.1,visa,302.0,debit,428.9,34.3,381.4,,gmail.com,,12.0,3.0,4.0,6.0,11.0,16.0,12.0,12.0,4.0,1.0,15.0,16.0,8.0,0.0,,377.7,289.3,,,,,,,,,,307.2,96.1,,T,T,T,,F,,T,,,4.6,4.9,1.0,1.1,,2.4,,,,,,,,,,,,4.3,,4.1,,,,4.1,,3.9,,,,,,,3.4,0.1,,,,,0.8,,,0.8,,,,1.6,1.6,,,,,,,0.7,1.9,,,,,,,,,2.2,,1.9,,,,4.3,,,,,,,,4.1,0.7,,,,3.3,3.6,2.2,1.9,,,3.6,,,,,,,,0.4,,,,,,,,0.6,,1.4,,0.6,,,0.1,,0.4,,3.3,4.6,,4.4,0.3,,4.0,,,4.5,,2.1,1.6,,,4.7,,,,,,,4.2,1.4,,,0.9,2.7,,,1.0,,2.1,,2.5,2.3,,,,4.3,,3.3,,,,,,1.6,,4.4,4.8,4.5,1.7,,,,,,,4.8,,1.5,4.8,,,,0.3,1.5,,,,,,,,,,0.2,0.1,,,,1.3,,,2.9,2.3,,1.4,,3.8,,,4.7,,,,,,,,,3.2,,2.2,,0.9,2.2,,3.0,,,3.0,,,,1.4,,3.8,,,,3.1,,4.6,,,,,,0.5,,3.9,2.7,2.3,,,,,,,0.3,,,,,,,,4.6,,3.6,,,2.4,2.4,,,0.6,,,,,,4.9,,0.2,,2.3,0.2,,3.8,,,,2.5,,0.7,,,,2.6,,1.9,,4.7,3.0,,3.3,1.2,,3.7,,,2.9,,1.2,,,,,,,,1.9,1.1,3.1,,,4.0,,,2.0,,2.0,4.0,,,,,1.0,,,,,,,,,,,,,,,,,,,,,,,,,,,,,,,,,,,,,,,,,,,
2987121,4809179,76.5,C,6363,571.6,527.1,visa,576.2,credit,,,,,gmail.com,gmail.com,11.0,13.0,18.0,18.0,8.0,2.0,10.0,17.0,14.0,10.0,10.0,3.0,1.0,1.0,0.0,362.6,141.0,,279.6,21.9,,,65.0,402.0,455.4,,,163.0,0.0,T,T,F,M2,,T,F,,T,,,4.3,,,4.7,,,,,,,,4.9,,2.1,0.8,,,,,,4.0,1.0,,,3.2,,0.9,,,,,0.9,,,,,,0.6,,,4.9,0.0,,,1.0,1.8,0.7,,3.5,,0.8,,1.7,,,,,1.3,,,,,0.1,,,4.7,,,,,,,4.9,,,2.4,,,,,,,,,,,,,,3.1,,,3.6,,,4.4,4.7,,,,,,4.0,,,,1.4,,3.6,,,3.8,,,,,3.3,,,2.3,,1.7,,,,,,,3.2,,2.0,3.0,,,4.7,2.0,,,,3.2,1.5,4.5,,2.9,,,,4.0,,,4.5,2.8,,,1.8,,1.9,,1.1,,,,,,,1.9,,1.9,,,3.9,3.3,,,2.9,,,,,,,1.8,,,,2.5,1.7,,2.9,,,,,3.2,,,4.5,,,,1.7,,,,4.6,,4.9,,,3.2,,3.8,,,,,4.3,,,1.3,,,,,,,3.4,0.0,,,,,,3.8,,,3.5,1.9,3.6,,4.1,,,,,2.2,,1.4,,,,,,,2.1,4.5,,,,,,,,,1.7,,,,,,,2.6,,4.5,,,,3.5,,,2.2,,,,0.5,,,,,,2.4,3.5,,,,,,0.2,,,,,,3.0,,0.4,,,,,,,,,3.0,0.4,3.7,,2.3,,,,,,,3.3,,,3.2,,,,,1.9,,,3.7,-5.0,231696.0,,-40.3,-8.7,,,,6.8,32.3,8.3,NotFound,38.8,,New,,40.1,,5.4,4.2,-19.4,,NotFound,41.0,-44.0,,NotFound,New,NotFound,Found,chrome 66.0 for android,48.4,Found,New,F,F,T,F,mobile,
2987122,4843524,91.9,C,13616,447.7,556.7,mastercard,292.1,debit,156.7,,2825.1,,yahoo.com,,5.0,9.0,5.0,14.0,8.0,13.0,9.0,5.0,14.0,13.0,10.0,14.0,16.0,18.0,,,572.6,,,263.8,,,,463.6,193.6,,,296.8,534.3,T,,,M1,T,,F,F,T,,,0.2,,,0.2,3.7,1.8,,4.7,,0.5,,,2.8,,,2.7,,0.6,,,,,,,1.8,,0.4,2.7,,3.6,3.1,,,0.6,3.4,3.1,,,4.9,,1.6,,,,,,,,,,,4.4,1.0,1.1,,,2.8,0.5,,4.4,,,,,,,,2.4,0.7,3.5,,,,2.7,1.2,,,3.9,,,2.3,,,,,2.3,,,,,,0.8,,1.4,0.2,,3.6,,,,,0.1,,4.5,,2.9,,,,1.7,3.4,,,,0.8,,,3.2,2.3,,3.6,,4.0,,3.9,4.0,2.3,,1.7,,,,,,4.2,,,,,,,2.9,,4.7,,,2.1,2.2,,4.5,,,,,,,,,,2.7,,3.5,3.1,,0.8,,,0.9,,,2.1,,,,,,,4.4,4.7,3.8,,,,,,,2.6,,,2.3,,,4.6,,,,,,,,,,,0.4,,,0.3,,2.0,,2.1,,,,,,,,5.0,,,,,,0.1,1.6,2.9,,,,,4.1,,4.7,,4.0,1.4,,,,,,1.9,,,,,1.3,2.9,,,4.6,,,1.0,,0.8,,3.4,4.8,,2.7,4.3,,,3.9,2.7,,,2.4,3.2,3.7,,2.8,,,,,,,,,0.4,,,,,,,,3.4,,,2.0,,4.6,,,,4.7,2.5,,3.9,3.7,,,,2.5,4.0,3.9,0.4,,2.8,,,,,,,,0.8,,,,1.4,,,,,2.3,,,,,,,,,,,,,,,,,,,,,,,,,,,,,,,,,,,,,,,,,,,,,,,
2987123,4989501,24.52,C,4790,487.8,239.3,discover,142.0,credit,428.8,92.5,2754.5,,hotmail.com,gmail.com,10.0,18.0,18.0,7.0,1.0,7.0,0.0,19.0,17.0,7.0,3.0,18.0,9.0,5.0,346.4,353.2,,,369.8,524.8,,,,,,,553.0,,121.5,T,,T,M2,F,F,,F,T,0.5,,,1.4,0.7,,3.3,0.0,,,,4.2,,,,,,2.4,,,,,4.6,4.1,,,,2.6,,0.8,2.4,1.3,,,,,,3.1,,3.5,1.6,1.0,,,,3.0,1.0,3.9,,,,,3.1,4.9,3.7,3.1,,,,,1.5,,2.2,,3.3,4.0,,,,,,,3.5,,0.6,,,,2.7,,,4.0,,,,,,,,,,,,,4.1,,,,0.7,,,4.2,,4.3,,,,3.7,,3.8,,,,,4.0,2.4,,,,,,,,0.9,,,,,4.7,,4.1,,,,,,,,2.0,,,,1.9,,0.4,,4.0,,0.4,,,,1.0,,,,,3.1,3.6,,,,,,,,,,,2.4,,,,0.5,,,,,,3.2,1.2,,,,3.9,,,0.2,3.8,,0.3,,,,1.7,,4.3,,,,,,,,1.5,,,,,1.9,,4.2,,,4.2,,4.2,,,,,,,,,,,,1.9,,,,3.2,,,0.3,2.3,,,,,,3.8,,,,,,2.5,,,,,,,,,,,3.1,2.8,,0.1,,,,,,1.2,,,,,3.0,,1.1,1.8,,,,,,,0.1,,,,,,1.4,,1.4,4.4,,,,,,,,,,,3.2,,,,,,,,,,,,,,0.7,,,,,0.3,,,,4.1,0.8,4.6,,,,,,2.1,,0.5,1.6,,,,,,,,,,,,,,,,,,,,,,,,,,,,,,,,,,,,,,,,,
2987124,5080848,33.26,H,15381,148.5,512.0,mastercard,389.3,credit,,33.9,531.5,,gmail.com,yahoo.com,8.0,2.0,10.0,18.0,0.0,12.0,14.0,8.0,16.0,8.0,2.0,3.0,16.0,7.0,135.1,,,166.2,10.3,,517.3,518.6,232.4,,581.3,,,304.1,,F,,,M1,F,,F,T,,,1.1,,3.3,1.5,,,,1.8,,,,,,,,,,,4.5,,3.6,2.8,,1.5,4.4,,,,,,,,2.2,0.8,,,0.4,,,2.4,,1.4,,,,,,2.8,,,,1.1,,2.2,,3.0,,,,,2.6,,,0.3,,,,,,1.2,3.5,,,,4.9,,,0.7,,1.0,,,,,,,,4.6,,,,4.7,,,,,,0.1,,0.2,,3.0,,,,2.9,2.7,,,,,0.4,,,,,4.7,0.2,,,,4.2,,0.5,,,,,,,0.0,,,,,3.7,3.1,3.7,0.2,,,,0.2,2.8,1.9,0.1,,,2.9,,0.9,,,,,,,1.5,4.7,,,3.3,,,,,,0.9,,,,,,,,3.1,2.6,1.9,,,1.1,1.6,,,,,,4.1,,,,1.1,,2.6,,,,2.0,0.0,1.6,0.2,3.2,0.3,,,,,,0.2,,5.0,3.8,1.0,2.2,,0.0,,,,,0.2,0.4,,,,,,,1.1,4.8,,2.7,1.0,0.7,2.2,0.0,4.6,,,,2.7,,,2.8,5.0,,1.5,,,,,,,1.4,3.5,,,3.2,,,,,,,1.5,,,3.3,,4.4,0.3,,,,4.9,,,,,,,,2.6,,3.2,,4.1,,1.5,,,,,,,,,,,,,,,,4.1,,,,,1.2,4.4,,4.9,,,,,4.1,,,,,,,,,3.5,,,0.8,2.2,,,,,2.5,,,,,,,,,,,,,,,,,,,,,,,,,,,,,,,,,,,,,,,,,,
2987125,5099016,320.4,W,1989,117.8,362.7,visa,114.2,debit,209.3,90.4,1131.1,,yahoo.com,,13.0,17.0,10.0,0.0,4.0,12.0,3.0,7.0,16.0,15.0,1.0,6.0,12.0,17.0,,,,151.9,181.3,38.0,,,520.7,391.2,,,27.1,,180.8,,T,F,M2,,F,,T,,,,,,,,,,,,,,0.7,3.3,1.2,2.5,,,5.0,,0.3,,,,,,,,,0.3,,,,,,2.9,,,,,,,,,,,1.0,,,,2.4,,,4.4,,,4.4,1.9,,4.1,,,,,,0.3,0.7,,1.6,,,,1.1,4.6,,,,5.0,,,3.7,,,,,,4.5,,5.0,,4.4,,,,,,,,,,,,,4.1,4.5,,,0.5,2.1,,4.2,,,1.0,2.0,0.8,,,1.1,0.8,,,3.3,3.7,,,0.7,4.7,,,,,,,2.0,,,,,,1.3,4.7,,,,0.5,,,,0.2,3.4,0.1,,,,,1.5,,,,,,2.0,2.5,,4.0,,,,,,3.1,,,3.7,2.8,3.1,,,,,,,,,0.0,,4.2,2.3,,,,,,,,,,,,,,,3.6,1.1,,3.7,,3.9,,,,1.4,0.4,0.8,,0.8,2.0,,1.5,,,,,,,,3.4,,,,1.6,,,,1.5,0.1,,,,2.4,,,3.5,,,,3.2,1.2,,,2.5,,,1.5,,,,,,4.7,2.6,,1.4,,,,,,,0.4,1.8,,,,,,,,,2.1,,,,,,,3.2,,,,,4.4,3.0,,,,3.6,,,,,2.5,,0.9,,3.2,,,1.5,,,,,,,,,1.2,,,,,,,,,,,3.5,3.9,,4.1,4.5,4.0,4.9,,,,,,,,,,,,,,,,,,,,,,,,,,,,,,,,,,,,,,,,,,,
2987126,5114651,313.37,H,16249,243.9,398.2,mastercard,249.2,credit,,56.7,,,gmail.com,,17.0,12.0,12.0,13.0,14.0,3.0,9.0,16.0,3.0,11.0,10.0,3.0,1.0,3.0,440.5,196.3,524.0,,,,116.8,82.1,34.5,359.9,,,,259.0,210.2,T,,F,,T,F,,F,T,,0.3,0.8,,,,,,,,,2.4,,,4.6,,,1.8,,,,,,,,4.5,,,,1.2,,2.2,4.4,,,,,,,,,,,,,,,4.3,,,,2.7,,,,,,4.0,,,,2.7,1.4,2.7,,3.0,,,,4.1,,3.2,,,2.4,,0.4,,,,,3.6,1.0,0.5,,,,,0.5,,,0.0,,1.2,,,2.0,4.9,,,,3.9,2.1,,,,,,,,,,1.5,,0.3,,,2.0,,,,,0.7,2.0,0.3,,,,,,,,,,,,,2.0,2.9,2.5,,,3.8,,4.8,,4.6,,,,,4.7,,,,3.7,0.5,,,,,,,,1.9,2.7,,,,,0.9,1.7,4.2,3.3,,,,,,,,0.0,,,,,4.3,,,3.1,4.7,,,,,,3.4,2.7,,,2.1,,1.8,,,,2.6,,,,,2.9,,,,,,,3.4,,,,,,,1.1,,1.7,,,2.3,1.8,,3.2,,,,,,0.4,,,,4.7,4.8,,,,0.1,,4.1,3.8,,,0.1,,,4.2,,3.1,,2.4,,,,,,,1.3,,,,0.7,,1.5,,4.1,,1.7,2.3,,,,3.0,,3.8,1.6,3.5,,,3.2,,4.0,0.3,4.6,,1.4,,3.3,,,,,,2.3,,,0.4,,,2.2,,2.7,,,2.0,,0.6,,,,,1.9,,0.9,,,,2.1,,,3.3,,,,,,,,,,,,,,,,,,,,,,,,,,,,,,,,,,,,,,,,,,,,,,,
2987127,5170959,242.44,S,10963,411.1,550.7,visa,391.3,debit,254.5,96.3,1311.1,,hotmail.com,yahoo.com,11.0,12.0,18.0,15.0,9.0,4.0,2.0,19.0,14.0,4.0,6.0,4.0,11.0,4.0,,,327.6,595.3,299.9,,,,,378.7,446.5,,15.1,,11.9,F,,,M1,,F,,,,,,,,,,,2.6,2.8,,,,,,,,1.2,,,,,,,,,,,,,,3.2,1.2,3.0,,1.1,,2.7,4.4,3.9,4.6,,,,,,2.3,,,3.2,,,,3.8,2.9,2.7,,,0.8,3.5,0.2,,,2.9,2.6,,,,,,,,,,,,,2.7,3.9,3.7,,,2.3,,,,,,1.4,3.1,,4.9,,,,,,,,,,3.7,,,,,,2.6,,,,,,,5.0,,,3.1,,,,,0.8,,,,,0.9,,,,,,,,,,2.8,,2.9,,,,5.0,,4.1,,,4.5,,,3.5,,,,3.4,,,,3.5,,,,,,,,1.7,,,4.4,0.4,,,1.4,3.5,3.3,,1.2,,4.6,,,1.7,,3.3,,,,,,,,,1.5,1.5,,,1.9,,,,,3.7,,2.7,,,,,,2.1,,,,,,2.8,,,,,3.7,,4.4,,,,,,,2.3,3.5,,,,,,,,1.4,,,,,,,,,,0.9,2.1,,1.3,,,3.4,,,3.9,,,0.6,,,,2.4,,,,,1.2,,0.2,,,,2.0,,,1.2,,,2.7,,,0.3,2.6,0.8,0.9,,,4.6,,1.4,,1.6,4.4,,,,2.5,1.6,0.3,,,4.3,,3.5,,,,,,,,,,,,,,,,,3.3,,,2.0,,,,,,,,,4.9,,0.2,,,,,,,,,,,,,,,,,,,,,,,,,,,,,,,,,,,,,,,,
2987128,5216300,42.37,C,13553,329.8,215.3,mastercard,324.1,debit,159.4,24.8,1321.1,,gmail.com,anonymous.com,4.0,15.0,3.0,6.0,7.0,14.0,13.0,10.0,1.0,0.0,4.0,7.0,2.0,4.0,,,,595.6,,,469.6,,,94.3,,241.8,,,560.5,,,F,,T,F,T,F,T,4.1,,3.3,,,,,,,,,1.8,1.5,,2.6,,,3.2,1.4,1.9,3.8,,,,1.0,,,,,,2.2,2.1,,,,2.5,,,,,3.4,,,,,3.2,,,,,,,,,,,,1.8,2.7,,,,1.1,,,,,,,,,4.2,,,,,,2.0,,,3.2,,,,,4.9,,,,1.3,3.9,,,,2.8,,,4.3,,,,,,,,,1.5,,,4.5,,,,,,,2.1,,,3.6,,4.2,,,,,,3.2,2.7,,0.8,,2.0,,,,,,,2.5,,4.3,1.6,,,,,,,,1.6,,,4.1,3.6,,,,,,,,,,,,,,,4.4,4.3,,4.0,,1.8,,,,,,3.0,,4.8,,,,,,3.6,,,,1.2,,2.4,,,0.5,,,4.7,,,,,,,,,3.8,,,,,,,2.5,,3.8,,,0.2,,4.5,,,,,,,,,4.4,,1.2,3.7,,,,2.2,,4.0,3.7,2.0,,,4.0,,,1.9,4.0,,,2.6,,,,,,4.6,4.0,,,,,,,1.2,,,,,,,,2.7,0.1,4.1,,,,,,4.3,,1.3,,0.5,,,,1.7,,2.8,,0.8,0.8,0.9,,,,,5.0,,1.0,,,0.2,4.8,,,2.3,,,,,,,4.3,,,,,,2.1,4.9,1.5,,,2.7,,2.8,,,,,,,,,,,,,,,,,,,,,,,,,,,,,,,,,,,,,,,,,,,,,,,
2987129,5219582,117.0,W,2646,399.0,596.2,visa,,debit,306.0,87.0,2502.8,,gmail.com,,1.0,9.0,5.0,3.0,13.0,13.0,14.0,7.0,18.0,9.0,5.0,12.0,20.0,1.0,347.0,,228.6,290.5,,4.0,,503.6,,,9.1,,487.4,,347.0,T,F,F,M0,F,T,F,T,,,,,,,4.4,,,,,,,0.2,0.5,,,1.9,0.7,2.7,,,4.5,,,2.7,,,,,,,,,3.2,,,,,,,,,,,0.6,,1.3,,,,,,,4.5,0.3,,,,,,,0.5,2.2,,,,,,,2.6,2.3,,,1.2,4.9,1.5,,4.1,3.0,,,,,1.1,,,1.4,1.4,,,3.3,,3.5,,4.3,2.0,,,0.2,,,,,,,,,,,,,,0.8,,,,0.4,0.9,,0.3,,2.4,,4.7,4.0,,,3.6,,,,,,,4.4,,3.1,,,1.4,3.1,,,,,,1.5,,,2.5,,,,4.7,,,4.1,,,,,,4.3,,0.8,,,,,2.9,,,,,,,,2.3,,,,0.1,4.9,,,,,1.5,2.3,,0.2,,,1.1,,,,,3.8,,2.2,,0.8,,0.8,,,,,,,,,0.6,0.9,,,,,,3.3,0.2,,,4.7,,,3.9,,,0.1,2.9,,0.6,4.9,,3.3,,1.6,4.1,0.2,,,1.3,3.5,0.3,3.1,3.8,,,,,,,1.7,3.0,,,2.7,,,0.1,,,0.5,,,,4.4,,,4.5,,,,,,,,,,,,1.5,,,2.4,2.8,,,4.5,,2.4,0.3,,,,,1.1,,,2.7,1.4,,,,,,4.3,,3.3,,1.7,2.7,4.3,4.5,,,4.4,,,3.8,,,,,2.0,,,,,,4.2,,,2.1,,3.4,,,,,,,,,,,,,,,,,,,,,,,,,,,,,,,,,,,,,,,,,
2987130,5340908,97.42,H,12028,266.5,518.7,mastercard,347.7,credit,,59.2,1500.9,,yahoo.com,,16.0,18.0,13.0,1.0,0.0,17.0,4.0,14.0,0.0,0.0,15.0,12.0,10.0,16.0,405.7,,,,,,,,8.9,,378.8,383.5,,49.9,,,T,,M2,F,F,F,F,,0.7,,0.4,,,,,,,,,,,,,,0.1,,,0.3,,,,0.3,,,2.6,3.1,,,,2.7,0.6,,2.1,4.9,,,2.8,,,,0.2,,,3.4,,,,,,4.8,,,,,2.4,,4.8,,,,,0.2,,,,,,1.5,,,,,2.8,,,,,0.7,,,,,0.9,,1.8,,,,4.3,3.3,0.7,0.8,3.0,,,3.7,,1.6,,,,1.6,3.1,,,,3.0,4.9,2.7,,,,,,,,1.0,,,,,,,,,,2.8,,2.5,,,,,1.0,,1.2,,1.7,1.4,,2.5,,,,,,,,,,4.5,,,,,,,,,,,,,1.6,,,,,,,,,,,,2.0,1.8,,0.3,,,,1.8,4.7,1.7,1.5,,,1.6,,,,2.9,,,,,,3.9,0.3,4.3,,4.9,,2.3,,2.7,3.4,,,0.8,,,1.5,,,,,0.7,3.8,,,,,,,,0.2,,,3.3,,,,,4.7,,0.8,,,,,,,,,,,,1.0,,,,,,,3.6,,,,,,,,1.1,2.3,,,3.0,,3.5,0.3,,,,4.3,,,3.0,,2.6,,,,,0.6,4.4,,,,0.7,3.9,,,1.3,,,,,,,,,3.6,,,,,,,,1.0,,,,,,,1.7,1.7,,5.0,0.7,,,,,,,,4.2,2.0,,,2.4,,4.6,,,,,,,,,,,,,,,,,,,,,,,,,,,,,,,,,,,,,,,,
2987131,5409182,51.41,C,6667,250.3,384.9,visa,216.9,debit,310.7,66.0,2933.1,,hotmail.com,,7.0,12.0,6.0,9.0,8.0,10.0,12.0,16.0,3.0,8.0,14.0,3.0,6.0,7.0,100.2,,474.6,259.4,,383.4,,,544.7,525.6,,,317.7,,,F,,,,,T,F,,T,,,1.9,,,,,2.4,3.0,1.5,2.7,,,3.4,2.2,,,,,,,1.0,,,2.2,2.2,,3.2,,,4.2,3.5,,,,,,4.6,,,,,,4.1,4.7,,,,,0.5,4.3,,,,,,0.3,,1.3,4.6,,,,3.7,2.7,,0.8,,,2.4,,,,0.1,,,,,,,,,,,3.5,,,2.8,,,,2.7,,,,,,2.7,4.5,,,,,,,,,,,,,,,,,,,,,4.5,,,,,,,,,,,,2.0,4.6,3.8,,1.0,4.2,3.7,,0.9,,,,1.3,4.4,3.4,,,,1.9,,,,,2.6,,,,,1.5,0.3,4.7,,,,4.9,,,,,,,,,,,2.1,,,,,,,,,,,,,1.6,,,,,,0.2,,,0.7,,,3.5,,1.8,,,,,1.6,1.8,,2.0,,0.7,,0.9,,,,,,1.6,,,,,,4.3,0.9,,0.3,1.6,4.8,3.6,,3.7,2.3,,,,2.8,,2.4,,,2.3,,,,,2.7,,,2.9,,0.4,3.3,,,,,,,,,,,,3.8,0.9,,4.8,,,,,,,,,1.6,,4.4,,,,,,,,,4.5,0.0,,,,,,,,5.0,3.4,2.3,,3.5,,,,,,,,,,,,,3.5,4.0,4.9,,,0.1,,,0.4,,,,,,4.6,,,,,,2.5,,,,,,,,,,,,,,,,,,,,,,,,,,,,,,,,,,,,,,,,,
2987132,5481573,55.97,W,14564,,571.6,mastercard,183.5,credit,260.2,39.5,,,gmail.com,anonymous.com,7.0,7.0,14.0,9.0,1.0,1.0,10.0,10.0,3.0,15.0,2.0,2.0,0.0,15.0,511.5,566.6,175.7,,300.8,,,263.9,,,597.1,65.9,,273.0,,,,,,F,T,F,T,F,,1.0,,,,0.5,,,1.0,2.4,4.2,,4.8,1.4,,4.6,,,0.0,,4.4,,,,,2.3,,0.5,3.6,,,4.6,,3.0,3.7,4.3,,,,4.0,,,,0.2,3.3,,1.1,,,,,3.0,4.4,,,,,,1.5,,,0.6,4.9,,1.7,2.8,,,3.3,,,,,,,,,,,2.1,,,0.2,,,,4.3,2.3,,,2.7,,,,,,3.7,,2.5,,,3.5,,3.3,2.2,,,0.2,4.0,,,,,2.2,,,2.1,4.8,3.4,3.2,,,1.1,2.3,,,4.4,3.6,1.3,,,,2.7,,,,,0.1,,,,,,,2.5,,,,4.6,,,,,1.2,,1.8,3.7,,,,3.4,,,,,,,,,,,4.1,0.4,,,,,,,,,,3.3,,2.1,,1.3,2.4,4.6,0.4,,,,0.4,1.1,,,,1.1,0.2,,,,2.2,,,,,,,,,,,,3.0,,,2.6,2.8,0.1,0.9,2.3,,,,,,0.5,,,,4.3,,,,0.1,4.6,3.1,,2.2,3.5,0.1,,,,,,,,,,,,,,2.5,1.6,0.5,,,0.4,,,,3.6,,,,2.3,1.6,,1.5,,,,,2.3,,,,,2.4,,,,0.3,,,,1.2,,,,0.6,4.9,,4.0,,,,,,,1.6,,,,4.6,3.9,,,,,2.5,3.2,,,,,,2.6,,0.4,,,,3.0,,,,4.1,1.2,,4.5,,,4.9,,,,,,,,,,,,,,,,,,,,,,,,,,,,,,,,,,,,,,,,,
2987133,5539250,31.8,C,17957,357.3,130.6,mastercard,,credit,,,,,gmail.com,gmail.com,14.0,14.0,0.0,10.0,13.0,19.0,0.0,0.0,18.0,14.0,11.0,2.0,1.0,7.0,0.0,222.6,,468.0,,151.3,66.2,,567.9,,,,,248.1,0.0,T,F,F,M2,F,T,F,,F,0.3,,,,,3.9,,1.8,3.5,,2.9,,,,,,,,,,4.7,,,4.4,1.5,,,,3.2,,,,,,2.1,0.2,,,,0.6,,,0.9,0.9,,,,,1.0,,3.9,,3.4,,2.2,,,,,,3.1,,,,2.9,,,,3.6,,,,,3.4,,,4.5,1.3,,,3.6,,,,,0.9,0.1,4.3,,3.1,,2.8,,,,,,,3.4,1.4,,,,,,,,,,,3.5,,,,,1.8,,,,3.0,,,,,,,,,0.2,,,0.6,0.5,3.9,0.9,,,,,0.5,,,,,,1.1,,3.9,,0.9,,,,,4.9,,,0.5,,,,2.8,0.5,,,,,1.8,4.6,0.2,,,,,,,,1.4,,,,2.4,,1.9,2.5,,,3.7,,,,,,,,,,1.7,3.8,2.8,,2.7,1.2,3.8,5.0,2.9,,,,,,,,,3.2,,1.4,,,,,,,,,,,,,,,,,,,3.7,,,,,,,4.6,,,,,1.5,,,0.4,,,,3.9,3.8,0.7,,2.8,,2.5,,,,,4.8,3.0,,0.6,3.7,,,,,,,,,3.4,,,1.4,2.4,3.2,,,0.4,,,,0.3,,,,,3.6,,,4.4,,,,,,,1.6,,,,,,1.2,,,,,,3.0,,,1.8,,0.0,4.3,4.2,,,,2.7,,4.5,,4.8,,,,,,1.9,-5.0,221505.0,,,,,,,,,,NotFound,,,New,,,,,,,,,,,,,New,NotFound,,chrome 66.0 for android,,,,F,F,T,F,mobile,
2987134,5550658,59.0,W,13835,176.8,466.9,visa,220.7,debit,312.0,87.0,,1120.5,gmail.com,,1.0,6.0,15.0,2.0,12.0,7.0,1.0,7.0,5.0,3.0,11.0,14.0,12.0,9.0,315.0,302.4,,,155.4,,280.5,391.8,401.8,47.9,,229.9,,186.3,375.0,,F,F,M0,,F,,,T,,,1.4,,4.2,,,,,1.0,,,,,,,,,,,,,,,2.1,1.0,,,,,,1.3,,3.2,2.8,,,,,,0.5,1.5,0.1,,2.6,,0.1,,,2.5,4.6,,,,1.4,2.7,0.3,,,1.9,0.9,4.5,,,,0.7,,,,,1.6,,,,,,4.2,,,,0.5,4.7,2.7,4.4,,,3.2,2.5,,,,4.6,,0.9,0.5,,2.7,,,,,2.6,,,,,,,,,,3.2,,,2.8,,,,,,1.3,1.5,,,1.2,1.0,,,,2.1,4.1,0.9,,4.9,,2.2,,,,,,,4.7,4.9,,,,,1.2,,3.9,,1.1,,,,,,,,2.0,,,,4.2,,1.5,,1.8,,0.4,,,,,,,,4.7,2.9,,,,,,,,,,,,,2.2,,1.2,2.0,,,0.7,5.0,,,,1.5,,,,4.2,,2.5,,,,,,0.2,,,1.4,,,4.6,,,,,2.0,,4.1,,,4.0,4.9,,,4.4,,,,,,,,,0.0,,,,,,0.5,,,,,4.4,,,,4.3,1.8,4.1,0.5,,,,,5.0,,4.1,,,0.3,,,2.6,,2.6,,,1.7,3.4,,,,,,,,,,,0.3,,,,,,,,,,,,4.1,,,1.2,,,,,,,,,2.5,,,5.0,0.9,,,,,,,1.0,,2.7,3.7,,,,,,,,,,,,,,,,,,,,,,,,,,,,,,,,,,,,,,,,,,,,,,,,
2987135,5614250,472.37,C,2977,112.4,308.0,mastercard,327.1,debit,,97.3,2668.4,,gmail.com,,13.0,8.0,15.0,6.0,14.0,9.0,9.0,1.0,18.0,3.0,3.0,19.0,3.0,6.0,280.5,,95.4,428.9,249.5,,368.7,,,,252.2,,,,,,T,,M1,,F,T,F,F,,,,,2.6,3.9,1.6,3.5,,,4.6,0.1,4.6,,1.5,,,,,,,,,,,3.0,,,,,3.6,0.1,,,,0.4,,,0.7,3.3,,2.9,,,,,2.6,3.1,,,,2.2,,3.6,,,,0.5,,,,3.0,,0.6,,,,,,2.6,,4.0,,1.4,4.0,,0.7,,,,,,,,,1.9,,,,,,,,,,,0.2,,0.7,,,,,,,,,,,,1.5,,,2.8,,,,,0.6,,,4.2,,,,,4.0,4.4,,0.6,,,,,,,3.3,4.6,0.5,0.1,,,,0.8,,2.0,4.8,,3.3,1.1,,,,3.7,,,,3.9,,,,3.6,,,1.7,,,,3.6,,,,,,3.8,,,,2.3,,,,,1.7,1.4,,,,2.5,,,,,,,,,,4.5,,,4.7,,,1.5,,,3.2,,,,,1.4,4.2,,,,3.6,0.6,,,,,3.7,,,,4.8,2.6,,,,,,,,,,1.6,,,0.9,,3.6,,,,,2.8,2.0,,0.5,4.3,2.1,,4.8,,4.4,,,,,,4.0,,3.3,,4.4,4.0,,1.6,,0.2,,,,,,,1.8,,,2.3,,,,,,,2.0,,0.5,,,,,4.9,0.1,,,,,,0.1,,,,,,,,,3.1,,,,1.2,4.7,3.0,4.3,2.0,,,,,,1.1,3.4,,,,,,,3.3,,3.4,,,,,,,,,,,,,,,,,,,,,,,,,,,,,,,,,,,,,,,,,,
2987136,5616160,120.86,W,13365,198.7,147.9,mastercard,396.9,credit,,67.4,,1629.0,gmail.com,,7.0,13.0,14.0,4.0,18.0,2.0,14.0,14.0,3.0,0.0,9.0,5.0,7.0,5.0,2.3,36.8,,,,195.3,93.1,,,93.4,,304.1,,429.3,,,T,T,M1,T,,,F,,,,,,,,,,,,,,,,,2.6,,,,,,,4.6,,,,,,2.2,,3.2,,4.1,,3.0,,,0.8,,1.3,,,4.7,,3.9,,0.2,2.1,,,0.0,3.0,,,,,,,0.0,2.2,,,,,,1.2,4.5,,,,,,,,,3.1,,,,,4.7,1.1,,,,,4.1,,4.1,,3.0,,,,4.9,1.4,,,,0.4,,,,,,,,,2.1,,,,,,,,,3.3,,,,3.8,3.1,2.6,1.8,,,,,,,,0.5,,3.4,,4.7,,,,,,,,4.2,4.3,,1.7,,,1.8,,,,1.1,,3.1,,,,,,,,4.0,2.8,4.7,,0.6,,,,,,,,,0.9,1.8,4.2,4.4,,3.4,1.6,0.5,4.7,,,,2.8,,,4.5,,,,,,,,4.9,,,,2.2,4.8,,,2.2,,,,,,,4.2,0.5,,2.1,,2.8,,,1.7,1.2,,4.6,,,,,1.2,,,,3.8,,0.6,,,,,,3.8,,,,3.4,,,,4.8,,,1.4,,,1.9,,3.2,2.3,,,,,,,3.8,,,,,,,,,1.9,,1.2,,3.0,,,0.8,,,,,,,2.5,,4.2,,,,0.3,1.5,,,,4.0,,,,,,3.2,0.0,4.8,2.0,,,,2.7,,4.0,,2.8,,3.1,,,,,,,,4.3,0.7,1.8,,,5.0,3.1,,3.7,,,3.5,10.8,27.2,-2.3,31.6,-44.1,37.1,-37.6,-37.1,7.8,7.8,NotFound,-24.4,-20.6,Found,New,-5.6,-3.7,-47.9,,-31.7,,Found,33.3,,-48.9,Found,Found,,NotFound,Found,38.2,Found,New,NotFound,NotFound,,NotFound,mobile,Found
2987137,5635987,100.0,W,6331,435.4,303.7,visa,233.4,debit,209.0,87.0,,2628.8,gmail.com,,1.0,1.0,10.0,9.0,5.0,19.0,9.0,10.0,1.0,2.0,5.0,13.0,38.0,13.0,188.0,94.9,28.6,550.0,,348.7,362.1,,580.4,,305.5,98.5,527.5,,360.0,F,,,M0,,,,T,T,,,,3.4,,,3.8,,,4.8,,,,,4.3,,,,2.8,,,,4.8,,,,,0.2,,3.1,,,2.9,,,2.3,,,,,,2.3,1.7,,,,,,3.6,,,3.8,3.9,,,,,,,,,3.6,,2.5,,0.5,,0.7,,,,0.1,,,1.3,,1.5,,3.8,,1.3,4.1,,,2.1,,,0.4,,,,,4.8,,,,,,,,4.6,,0.9,,,0.3,,4.8,,0.5,,,0.8,,,,,,,,,,,,,1.1,,3.0,,,,,,,,3.0,,,,,,,,,4.0,,,,,0.4,,,,,0.5,1.7,0.8,0.3,,,0.8,3.4,,,,,3.0,,,1.4,,,,3.3,2.8,,3.0,0.4,,4.4,4.2,,,,,3.2,,,,3.8,4.8,,2.1,1.5,4.5,,,,4.9,,,,,,,2.1,,0.6,,1.3,,,0.0,,,,1.0,3.1,,,,,,,,0.3,,,,,,,4.6,,,,0.9,,,2.0,,,,,2.4,,,4.1,2.1,2.1,4.2,1.2,,,,,,1.2,,,,,,,,3.4,,,0.2,,,,,,,,2.0,,3.1,,,,3.2,,,,,,,,4.7,,,,,,,,,0.6,,,2.9,3.6,3.3,,,2.1,,,0.8,,4.9,5.0,,,,4.1,,,0.7,4.8,4.9,,,,,,,,,,,,,,,,,,,,,,,,,,,,,,,,,,,,,,,,,,,,,,,,,,,,,,,,
2987138,5655048,37.25,S,12342,328.1,148.4,discover,405.0,credit,230.6,31.7,2221.7,389.8,gmail.com,gmail.com,15.0,8.0,6.0,17.0,4.0,4.0,16.0,12.0,4.0,14.0,4.0,8.0,19.0,12.0,,,274.9,106.4,454.4,278.0,169.2,27.8,411.5,584.2,330.0,444.9,,,478.0,F,F,F,,F,F,,,,,,1.8,2.4,,1.9,,0.9,,,,,,2.8,,,,,2.9,,0.5,4.5,,,,,3.2,2.3,,,2.8,,2.0,,2.7,3.3,,0.3,2.1,,1.9,4.4,0.7,,,,3.9,3.1,,,,,,,,,,,,,2.9,,3.2,,,,,,,0.4,,,,,0.2,1.3,,,,1.1,,,,,,,3.1,,,,,,2.7,0.2,,,,3.9,4.7,0.4,,,,,,,3.4,,,,,,,0.6,,4.8,,2.4,1.0,,,,,4.5,,0.8,,3.4,0.5,,,3.9,,4.5,4.7,,,,,,,,,,,,,,4.1,,,,1.2,2.7,,,,2.5,,,3.4,,,0.9,0.8,,,,,,1.6,2.1,0.7,,2.4,,0.6,,,,,,,2.0,4.0,0.7,4.0,,,4.2,2.6,1.8,,,,4.3,,,,,4.8,3.7,,,2.5,,4.2,,,,2.4,,,,,3.5,1.5,,,,4.8,,,,,4.4,,,,,3.3,,,,,,3.2,,,,,,,,,,,,,,0.1,,,,,,,,,,,2.1,,,,,,,1.4,,1.0,,0.1,4.7,,,3.4,,,,,,4.6,,2.1,,,,,1.4,2.0,,0.9,0.5,,,3.6,0.8,,,,2.1,,,,3.2,,,,0.5,,,,2.8,,3.2,4.6,,,,,,1.7,4.9,,,,,,,,,4.5,2.2,,,,,,,,,,,,,,,,,,,,,,,,,,,,,,,,,,,,,,,,,,,,,
2987139,5696081,67.03,C,16700,281.9,119.6,mastercard,571.7,credit,427.3,94.2,,,yahoo.com,,2.0,9.0,12.0,1.0,19.0,3.0,8.0,8.0,2.0,0.0,18.0,16.0,19.0,15.0,,,,76.9,242.4,410.2,118.3,,,,,,,,,F,,F,M1,T,,F,F,,,,0.1,,4.1,,,,,,,,4.9,2.2,,,3.2,,,,,,,0.5,,,,3.0,,1.3,,,,,,,,0.5,2.4,,0.6,2.3,,,,,,2.3,,,,,,2.6,3.4,,,,,,,,,1.0,,,1.7,4.3,,,,3.4,,3.0,0.2,,,,,,,,,2.8,,,3.0,,,,,4.2,2.9,0.5,,3.6,0.9,,2.2,2.3,0.6,,,2.4,,,1.3,,3.7,,,4.2,,,4.5,,,1.1,1.2,,,,2.7,1.2,3.0,,,,,3.3,,,,2.2,,0.9,,,2.2,1.1,,,,,,2.7,,3.2,,2.3,1.2,,1.3,,,,1.9,,,,,,,0.5,,3.5,,3.8,,0.7,0.6,,,,,,,2.4,,,,,2.1,0.5,,,,1.9,,,1.2,3.2,,,,,1.0,,,2.2,,0.6,2.6,,,2.1,,,4.9,1.4,0.7,,,1.9,0.6,,,,,1.7,,,,,1.8,,,,,0.1,4.1,,,0.1,0.2,,,,,,4.1,,,,,,,,,,2.5,,4.0,,,,,0.1,2.8,,,,,,,,3.3,,2.5,,,,0.2,,,,3.9,,3.8,,,,4.9,,0.6,3.9,,,,0.1,,2.3,,,,1.8,,,0.5,,1.1,,,,,1.7,1.3,,,,,2.2,0.0,,3.5,,3.0,,,4.4,1.0,2.6,,,,3.4,,2.5,,,3.9,,,,,3.2,,2.3,,,,,,,,,,,,,,,,,,,,,,,,,,,,,,,,,,,,,,,,,
2987140,5758670,138.87,H,9291,175.8,,mastercard,,credit,308.4,75.9,,,gmail.com,,13.0,4.0,2.0,13.0,12.0,12.0,8.0,14.0,19.0,7.0,9.0,13.0,19.0,7.0,77.3,,316.3,187.4,,384.1,378.9,,411.2,166.2,,,520.1,248.2,458.9,,,,M0,F,F,F,F,,,,,,,4.1,3.5,,,,3.8,,1.9,0.6,,,,,,,3.6,4.3,,,,,,3.0,,,,4.7,,,,3.2,,,,,,,,1.0,0.9,,1.5,4.1,,,2.3,,,,,,,,,,,,0.8,4.9,2.1,3.0,,3.5,,,4.7,,,,,,0.8,,,3.0,,0.1,,2.3,,,,,,2.9,,,,,4.5,0.3,,,,,,,3.6,,,4.2,0.7,,,,,,,,,,,,3.4,,,2.7,,,4.5,2.2,,,,,1.8,,,4.1,,,,,,3.2,,,4.6,4.7,,,,,,,,,,,,3.3,0.4,,,1.0,,,,,,0.2,,,,,,3.6,,,,4.3,,,,1.6,,1.1,,,,,,,4.2,4.8,,,3.4,,2.0,,1.6,,,,1.1,,,,,,4.1,0.4,1.7,,3.8,,,,,,,,0.8,,,,,3.6,2.0,,,,4.4,,4.7,,,,,,,,3.0,,,,,,0.0,,,1.3,,1.2,,,,,,2.5,3.9,,,1.6,1.9,,,2.4,,,,,,4.5,,,,2.2,4.5,,,1.3,,,,,1.5,1.2,,,0.7,1.2,4.2,,3.6,1.3,,,,,,,,3.5,,0.0,3.4,,3.2,,,,4.7,2.0,,,2.7,,,3.1,,,,,,,,,1.5,,,,,,1.5,,,,,3.3,,,0.7,30.0,8.0,,,43.2,,28.2,-7.4,37.9,,41.5,New,,-22.0,NotFound,NotFound,,1.8,-7.2,-38.5,,12.1,New,,,,,New,NotFound,New,New,,Found,NotFound,NotFound,NotFound,NotFound,Found,mobile,
2987141,5792669,27.47,S,14308,216.6,390.7,visa,523.0,credit,472.1,70.7,,,gmail.com,,7.0,14.0,6.0,6.0,7.0,2.0,6.0,4.0,3.0,15.0,19.0,17.0,17.0,9.0,202.9,505.1,,142.6,,258.4,78.0,,60.9,,279.8,,,447.0,,,,F,,F,,F,T,,,,,4.5,2.2,2.8,,2.5,,4.5,,,2.5,1.8,,,2.9,5.0,,,4.2,4.2,,,,,,,,2.0,1.3,,,,,,,1.7,0.7,0.9,4.0,,1.0,,,,,,,1.7,,,,,0.8,,,,,,,0.3,4.6,,,,,,,,1.2,,,4.3,,,,,,,4.9,2.9,,,,,,,,,,,,,4.5,,,,,4.4,,,,,,,,,,1.9,,0.5,,,3.0,3.2,,,2.1,,,0.5,4.8,,4.1,3.3,2.1,,,1.9,2.5,,3.2,4.8,4.1,,,,,,0.6,,1.0,0.2,3.1,,,,,,2.8,,,,,,,,,2.0,,1.0,,,2.2,,,,,,4.0,,2.7,0.4,,,,0.5,,,,,3.8,0.6,,,,,,2.8,4.1,,,,2.3,,4.6,0.9,,,,2.5,4.5,,,,2.5,,,,4.6,,,0.7,4.0,,,2.5,3.5,,,,,,,,1.3,,,,,,0.3,,1.8,2.5,,,,,,,,,,,0.1,3.0,,3.4,,,,,4.4,4.6,1.1,2.8,0.2,,,0.5,,,0.6,,,4.1,,,,,,,,,,,,,,2.2,,,,2.1,2.6,2.1,1.5,1.4,,4.7,,,3.0,,,,,,0.3,,,,0.9,,2.9,,0.5,,1.2,1.5,,,,,2.2,3.2,,,,,,,,,,,,,3.6,1.5,,2.2,5.0,,,4.7,,2.8,3.4,-6.0,-41.2,-34.0,,30.5,,-35.7,,-49.1,NotFound,-9.8,,,,-26.3,7.7,35.5,-35.4,0.6,20.2,Found,-12.7,,11.2,NotFound,New,,NotFound,New,-9.4,Found,,New,NotFound,,,desktop,
2987142,5793140,84.18,R,1766,563.1,254.8,mastercard,332.7,credit,418.7,13.1,,,,,3.0,3.0,17.0,18.0,4.0,3.0,3.0,2.0,18.0,7.0,2.0,19.0,2.0,3.0,,,,64.8,,218.7,110.2,,,569.1,,372.0,206.3,,315.3,,F,,,,F,F,F,T,,,,,,,,,,,2.1,,,5.0,,,4.7,1.3,,2.2,4.8,,3.3,,,,,,,0.8,2.5,1.1,,,1.9,0.4,,,,,,1.2,1.6,2.3,2.6,,,,2.4,2.1,,,,2.2,1.0,,,,,,,,,4.1,,,0.4,,,,,,,,,1.4,0.8,,,,,,,,,,1.2,,,,,,,,,,,1.7,,,2.9,,3.6,,3.9,,4.6,,,,4.8,,,,,,,2.6,,,,,,,,,,,,,3.5,,,,4.0,,,,2.1,,,,,,4.6,,3.2,,,0.5,,,,,,,,,0.3,,,,,4.0,4.0,,,0.6,,,,,,,,,4.8,,2.9,1.8,,,,4.3,,1.5,,,,,,3.4,,,,,3.9,,,,,,4.1,,4.5,1.5,,,,,,4.6,0.1,,,,,,0.0,1.7,,,,,,3.2,3.7,,,,,,,,3.0,4.8,,,,,,4.2,,,0.4,3.6,1.0,3.7,,,0.1,,,1.6,4.4,3.8,4.0,3.0,,1.7,,,,,,,,0.8,,,0.6,,,,,2.7,,,,,,0.4,,,2.6,,,,,3.7,,,,,,,3.3,1.3,,,4.5,,,,,,2.5,0.9,,,4.5,,,1.5,4.4,,3.5,3.4,,,1.9,3.2,,2.9,,1.2,,,,,,,,1.6,,,4.1,0.7,,37.3,-32.5,-33.1,,,-28.2,-22.5,-35.1,35.5,6.3,,NotFound,,,,New,,44.4,28.6,,-21.4,,New,2.0,,-0.4,Found,Found,NotFound,New,,11.3,Found,New,Found,,New,NotFound,desktop,New
2987143,5810479,59.0,W,13287,380.5,142.3,visa,243.2,debit,309.0,87.0,,,aol.com,,1.0,10.0,10.0,1.0,1.0,13.0,14.0,19.0,1.0,7.0,4.0,14.0,23.0,15.0,385.0,,56.5,556.1,309.6,,,407.1,,,,392.7,,412.4,111.0,T,,F,M0,,,T,,F,,,,,2.1,,,,,3.4,,0.2,,,,,3.4,,3.8,,3.8,,3.5,,,,,,1.2,,,,1.6,3.7,2.8,,,,4.7,,1.8,,,,,2.4,4.4,,,0.2,,,,,1.3,,2.7,5.0,,,,,,,,,,,,,,3.0,,2.1,,2.5,,1.9,,,,1.2,,4.3,5.0,,1.0,4.0,,,,2.0,,3.5,0.2,,3.1,,4.3,,0.6,,,,,,0.7,,,,,4.7,2.3,,,3.1,4.5,,0.6,2.5,,,,,,2.3,,,3.4,,4.9,,3.0,3.2,,,,,4.0,0.3,1.0,,,,,2.2,2.8,,,,0.2,,,,,3.2,,2.9,,,,,,,,0.0,,,,,,1.5,,,,,,,,4.7,,,,,1.2,,,,,,,,,,,,0.5,,2.6,,,1.8,1.4,,2.6,,,3.3,0.8,0.3,,3.5,4.9,4.2,4.2,4.5,1.0,,3.5,3.8,,2.7,0.7,,,,,,,,,1.7,,,,,0.0,,,1.6,0.4,,,,,,,,,,,3.5,,1.3,4.5,,2.1,0.1,2.1,,,,4.2,,4.8,,,,,,1.3,,,0.7,,,,1.7,,,0.0,,4.5,,,,4.4,,,,1.2,2.6,2.0,,4.1,,,3.2,0.8,,1.1,,1.7,4.2,,,,,,,,,,,,,2.1,,4.1,,,,0.1,,,,,,,,,,,,,,,,,,,,,,,,,,,,,,,,,,,,,,,,,,,,,,,,,,,,,,,,
2987144,5810992,519.48,H,4533,212.5,353.9,,343.7,credit,375.1,22.4,,,yahoo.com,yahoo.com,9.0,15.0,14.0,19.0,12.0,15.0,6.0,9.0,19.0,2.0,7.0,18.0,2.0,5.0,252.0,550.5,,,455.1,500.3,502.4,211.9,,,,7.1,,,,,F,F,M0,F,,T,F,,4.7,0.0,,3.9,4.1,,,3.3,,,2.1,,,,,,,,,,,,0.6,,,,,,1.5,,,4.5,,4.2,,,,,,,4.5,,,4.4,1.9,0.9,,,,1.5,,,,,2.6,1.0,,2.3,,,,,,,,4.3,2.5,,,,,,,,0.3,,4.9,,,,,2.1,,,,0.5,,,1.8,,,,,,2.5,,,,,1.9,,,,,,,,,,0.5,,,,0.5,,,,,,,,,,3.2,,,,,,,,,,,,,,1.8,4.1,,,,,,,,,3.1,,,,,,3.6,,,,2.5,,,,1.0,,4.0,,4.5,,,,,,,1.9,,,,,,3.2,,,,,0.1,3.0,,,,3.4,1.8,1.8,,,,2.4,,,3.0,0.0,,,,,,,1.2,,,,,,3.9,,3.0,,5.0,,,,1.1,2.5,,,,,,1.8,3.8,,,2.0,,,,1.7,3.4,0.7,,,,,,,,,,,3.3,,,,,1.8,0.7,,,,,,3.3,4.6,,,4.6,,1.8,,1.9,2.8,,2.7,,,0.1,,,,,1.2,,,2.2,,2.8,1.1,,,,2.9,,,,,,2.4,,2.6,0.5,,0.7,,,,,2.5,2.3,3.4,,2.6,,,,1.6,,,0.4,2.1,,,,4.7,,,,2.0,,,,1.7,,,,4.3,,,,,,,-46.4,,,47.2,,-22.1,-37.5,5.3,,19.8,10.9,NotFound,,-35.9,,NotFound,-44.4,,19.6,,-48.3,-10.8,,-14.6,16.6,28.6,New,NotFound,Found,,,32.2,New,Found,NotFound,New,NotFound,Found,mobile,NotFound
2987145,5851908,245.29,W,17267,263.0,443.2,discover,480.1,debit,376.5,72.2,,,gmail.com,,5.0,15.0,18.0,13.0,3.0,9.0,14.0,16.0,9.0,16.0,16.0,16.0,18.0,10.0,579.1,,,540.5,,34.8,,,286.9,14.3,38.4,,571.4,,,F,F,F,M1,,F,T,,,,,,,2.5,,,,,,,,,4.7,,,,0.6,,,,3.3,4.4,4.0,0.0,0.7,,,,,3.3,,,,,,,,,,,4.0,0.4,,,1.9,1.3,,,,,,,3.9,,,,,,,,4.9,,0.8,3.7,,2.6,,2.3,,0.1,,,,,,,,,,,,,,2.9,,3.5,2.7,,,,,,3.6,,1.1,0.4,,1.1,,,,,,,,2.2,,,,,,,,2.8,4.0,0.2,,,,,,,,0.2,,,3.5,,,,,,0.9,,,,,,,,0.2,4.7,,,5.0,2.5,,,,2.6,,2.4,1.3,,2.5,,1.2,,,,2.9,,2.7,,,,,,4.1,2.6,,3.8,,2.0,,,1.0,2.0,,4.5,,,,,2.9,,1.9,,,,,1.3,,1.7,,,4.8,,,,,,,,1.8,,,,,,,,,2.3,4.6,,,,,3.1,,,,,,,,,,,3.3,,,,3.1,,,,,,,,,,4.7,0.4,,1.7,1.0,3.9,,,3.8,,,1.2,3.4,,,4.3,1.0,,2.4,,,,,,,,,,,1.3,2.7,,,,,,0.7,,2.5,3.6,4.6,1.1,,,2.3,,,,1.0,,2.3,,,,,2.3,,0.2,,,,,,,,,4.9,0.7,,0.8,,3.5,,,,2.0,,1.7,,3.5,3.5,1.3,,,4.7,,,2.6,,,,,,1.7,,,,,,,,,,,,,,,,,,,,,,,,,,,,,,,,,,,,,,,,
2987146,5904510,3.51,R,12894,256.6,561.9,mastercard,131.9,credit,393.7,42.1,,,gmail.com,,11.0,14.0,7.0,13.0,18.0,11.0,17.0,0.0,4.0,9.0,17.0,7.0,5.0,1.0,,529.7,392.7,,359.9,,,261.6,,147.2,,,,,,T,T,,M0,T,F,F,,F,,,0.4,,,,,,,0.8,0.9,,,2.1,4.2,,,3.6,2.8,,,,,,,,4.1,,,,,2.7,,3.9,,,1.7,,,,,0.5,,4.3,,2.1,,,,,,2.5,,,,,,,4.0,,,1.2,,,4.3,,,,,,,,,,,,4.0,,,,2.1,,,,,1.3,,,0.4,4.4,2.3,,,,,,2.8,,0.6,1.1,2.0,1.1,2.3,,1.5,4.3,,2.2,,,,,,3.4,,,,3.8,,,,,,,,2.7,,,,,1.5,0.1,,,3.6,,,,,3.6,,,,,,,,,,,2.0,,4.9,,,,,,,,3.8,,3.2,,0.5,,,1.2,,1.3,3.4,1.3,,,3.7,,,,2.8,,,,0.7,,,,,1.5,4.7,0.3,,,2.3,,0.5,,,,,3.7,0.1,,,0.6,,,1.9,,,,3.7,,1.3,,1.1,0.3,,,,3.0,,,,,,0.0,0.0,,,3.0,4.8,,2.8,0.3,4.0,,2.6,3.6,0.9,1.2,,,0.8,,4.3,,1.9,,3.1,,0.5,,,,,3.6,,0.1,5.0,,,2.6,,4.4,,,,,0.8,,,,4.2,,2.1,1.2,,3.7,,,,,,3.3,,1.0,3.3,,,1.9,0.7,,3.5,,0.2,2.1,,2.7,,,,,4.4,,,,,,,,0.6,4.4,,1.9,,,,2.6,3.6,,,,,,,,1.6,,,2.1,,,4.5,,,,,,,,,,,,,,,,,,,,,,,,,,,,,,,,,,,,,,,,,,,,,,
2987147,5963356,178.16,W,15682,179.8,409.2,mastercard,192.8,debit,354.2,79.3,761.2,,hotmail.com,anonymous.com,7.0,17.0,6.0,18.0,7.0,0.0,14.0,11.0,12.0,17.0,14.0,6.0,18.0,10.0,,,,583.2,,303.2,,,,188.5,,208.3,86.2,358.7,,F,T,,M0,F,F,,T,,,,0.8,,,4.7,,,2.7,,0.9,0.3,,,3.9,,3.0,,,,4.6,1.1,,2.3,1.9,0.5,,,,,2.5,4.1,,2.3,,,,,,,,1.3,0.1,1.2,,,,,2.7,,,,,,,1.5,,,1.3,,,,,,,3.6,,,,,,,,,,0.3,2.6,3.4,,2.1,3.3,,4.2,,,,2.6,,,4.1,1.2,,,,,,,,,4.5,,,,0.2,,,,2.4,4.6,,,,,3.5,,,,2.5,,,,,,,3.5,1.5,,2.0,4.3,1.4,,2.8,,,,,,,2.1,2.1,,,,,,,,,,1.6,,,,,,,,,,0.2,,,,,2.0,2.6,,,,,,,2.6,1.8,,,,,,,,,,,1.1,,,,,,,,,4.7,,4.7,,2.6,,,,2.6,,4.3,,,,,1.3,1.1,1.5,4.9,,,2.7,,,,,0.1,,,,3.1,,1.2,0.3,,,1.2,,0.5,,,,,,2.7,,,,,0.2,,,4.3,,,,,,0.4,,,4.3,,,0.4,,4.6,,,,3.0,,,,,2.8,0.7,,,,,2.4,4.5,,1.8,,,,2.7,,,3.9,,,4.9,,,,,,,3.0,1.0,,1.0,,,0.0,3.3,,4.1,3.1,4.5,4.7,1.8,,,2.0,,,4.8,,3.1,,,,4.4,2.8,,,,,,,,,1.5,,,1.1,,0.4,,2.7,0.3,2.7,,,,,,,,,,,,,,,,,,,,,,,,,,,,,,,,,,,,,,,,
2987148,5965060,91.22,H,8882,328.8,533.9,mastercard,385.7,credit,352.4,81.9,,,hotmail.com,anonymous.com,14.0,6.0,9.0,16.0,1.0,14.0,11.0,10.0,1.0,8.0,18.0,4.0,11.0,19.0,,,327.1,426.1,504.1,269.4,459.8,,,,225.8,521.4,590.7,586.9,523.3,,,,M0,,T,T,F,T,0.2,,,,,4.1,,0.5,4.0,,,,2.4,,,1.1,,,2.8,,,,,,,2.9,4.2,,,,,,,4.2,,,,,,3.7,,,4.2,3.3,,3.2,,,,2.2,4.7,,,,2.6,,3.9,,,4.0,,,,,,0.5,,4.9,,,,,,,,,1.1,4.0,,,1.9,,2.8,,3.8,,,0.8,1.9,,,,,,,2.2,,,,,,,,4.1,1.3,2.6,2.9,,,2.4,,,,,,0.4,1.6,,,4.6,1.3,,,,1.0,,4.6,0.4,4.0,1.7,,,2.4,4.8,0.1,3.5,,1.8,1.5,,,,,1.0,1.1,0.1,,,,,4.4,,,3.3,3.4,,0.2,,,,0.8,,,,,,,1.8,,,,,3.7,,,,,,,1.8,1.7,,,,,,,,,,3.3,,,2.8,,,,,3.8,,,,3.5,,,,,,,,3.4,,,3.7,,,,,,2.4,,,,,,,,,,,3.9,,0.2,,4.6,,,,4.8,0.4,,,,,,3.5,3.8,,,1.3,3.6,3.8,0.9,1.6,,,,4.2,,,3.4,,3.9,2.4,,1.0,,1.1,,,3.3,,,,0.1,0.8,,,,,,0.5,,,,,3.3,,,2.4,0.7,2.3,,,,3.0,3.8,,,,,,,,,,,3.1,,,,,,2.1,,,,,,,,,,1.5,,,,,1.4,,,,,,,,2.9,,,,,,,,,,,,,,,,,,,,,,,,,,,,,,,,,,,,,,,,,,
2987149,6081590,49.65,C,1717,500.7,599.7,visa,560.9,,345.4,70.2,,,gmail.com,,11.0,17.0,17.0,18.0,3.0,2.0,5.0,16.0,4.0,9.0,1.0,7.0,9.0,19.0,89.5,223.3,243.5,65.8,467.6,,471.5,144.3,19.5,402.6,,,267.1,,,T,,T,,,,T,T,F,,,1.0,,1.8,,4.6,4.2,,,,0.8,,0.3,,,,1.7,,1.8,,,3.3,,,,,,,0.5,,2.1,,,,,,2.5,0.8,4.4,,,2.5,3.7,4.0,,,3.5,1.3,,4.0,0.0,,,,,,,,,4.4,2.6,4.3,1.9,,2.2,,3.6,,,,2.5,,,4.4,,,,3.8,,,0.6,2.0,,0.2,,,,,,1.1,,0.4,0.6,3.2,0.8,,,,,,,4.9,,4.7,,,1.2,0.7,3.5,,,,3.5,,,,,4.5,,,,4.2,4.8,,,,2.2,,3.3,3.8,,,,,,,,,,4.2,,,,,,,,,,1.2,4.1,,,2.3,,1.4,3.2,,,1.9,,,1.1,,4.6,,,0.3,3.1,4.9,,,,,,,0.6,,1.4,,,,,5.0,3.5,,,2.5,,,1.1,0.4,0.4,,,4.3,,,,4.9,,,,,,,,,3.5,4.2,,3.5,,4.1,,,,2.5,,3.0,,,,,1.5,,,,1.2,,,1.3,3.9,4.8,,0.5,,,,,2.1,,,,,1.7,,4.5,,,,,,,1.9,,,3.6,0.1,3.0,,,,,,,,,,,,,,3.6,2.2,0.3,,,,3.9,3.4,,3.1,,,1.1,,,,,,,3.0,,,1.8,,1.4,3.6,1.8,,3.6,,2.9,3.2,,,,,2.9,,,,,,2.8,4.9,,4.6,,,,3.6,,,,,2.9,,,,,,,,1.9,,3.0,-35.2,-6.9,-32.8,4.8,24.1,,,,33.9,26.9,,NotFound,27.2,-10.7,Found,New,-6.1,3.7,,-8.2,9.8,44.3,Found,,,,New,,New,,New,,New,NotFound,,,NotFound,New,mobile,NotFound
2987150,6081879,95.87,S,1001,406.3,231.7,visa,532.9,credit,456.6,50.1,,2629.0,,anonymous.com,19.0,9.0,16.0,5.0,8.0,1.0,4.0,7.0,9.0,4.0,19.0,2.0,15.0,7.0,99.6,,,,440.8,273.6,,472.8,596.4,,576.4,462.1,,,,,,F,M2,T,T,T,F,,3.2,,,4.7,1.5,0.5,,,1.5,,4.3,0.3,,2.5,,,,3.3,3.9,,4.5,,,,,1.7,1.1,,,,,,,,,,0.7,4.8,,2.7,0.9,,,4.9,,,,,2.9,3.8,,,0.4,,,,1.6,,,,,,3.4,,,,,,4.9,2.5,,0.3,,,,,,,1.1,,0.2,4.3,0.3,,3.0,,,,1.4,,,1.3,,,,,2.5,4.2,2.8,,,,,,2.6,,,1.2,1.9,,,0.5,,,,,,2.5,,,,,,0.3,,0.3,,,1.0,,2.1,0.7,,,,1.5,0.9,,,,3.7,5.0,,,,,,,,,1.2,3.8,,,4.2,,,,,4.2,,,,,,0.7,3.2,,,0.7,0.8,,,2.6,2.7,,,4.0,,,0.1,2.8,,,,4.1,,,,3.1,,1.5,4.1,2.0,,,,4.8,,,,,,,,,2.3,1.9,,,,,,,0.6,,4.0,0.4,,,,,4.6,,,,,,,4.8,,,,,1.7,,,,,,,1.4,,,,,,,1.4,,,3.2,,,,3.2,,,0.2,,,0.7,0.5,,,,,,,,,0.5,,,,,1.7,,,,1.6,,,1.8,,,,,,,3.1,,1.4,,0.9,1.1,,3.2,,,2.3,1.1,0.6,,2.3,0.7,,,1.5,3.3,4.4,1.8,,,0.4,,4.8,0.4,,0.9,,,0.3,,4.4,3.7,,1.8,4.6,,,2.2,1.9,2.9,3.4,0.9,,4.3,,,,,,,,,,,,,,,,,,,,,,,,,,,,,,,,,,,,,,,,,
2987151,6110804,29.0,W,3678,164.9,,visa,494.1,debit,332.0,87.0,,,yahoo.com,,1.0,18.0,17.0,8.0,1.0,2.0,12.0,10.0,11.0,12.0,7.0,5.0,11.0,5.0,263.0,454.9,143.6,566.9,300.7,,231.1,260.1,,,379.1,,115.2,13.0,169.0,,,T,M0,F,F,,T,F,4.0,,4.9,,0.3,,,4.3,,,,,,1.0,,4.5,0.3,,,,1.0,0.6,3.3,3.4,3.1,,1.9,,,3.8,,4.2,,,1.0,,,0.4,,,,,,0.4,,0.1,,,,,,,,,,,3.0,,,2.1,,4.1,,4.9,,0.4,,,,,,,4.7,,,2.4,4.6,2.1,,,0.6,,,,2.3,,,,2.1,,2.4,,2.0,,,,,4.7,3.5,4.0,3.3,,3.9,,,3.3,3.7,3.1,3.3,,2.9,,1.2,,,0.7,,4.0,2.9,,,,,,,3.4,3.9,,,,,,0.2,,,3.7,,4.7,,,3.0,,,,3.7,1.8,,,,,,,,4.9,3.0,,1.7,,,,,1.8,,3.6,,,,3.5,,,2.9,0.6,,,,,,,,,1.1,,1.1,,,,,,1.0,3.8,,,,1.4,,3.9,,,,,,,2.2,3.1,,,,,2.9,,,1.8,3.1,,,,,,,2.2,,,,,,2.5,,,,,1.8,,,,,,,,2.0,,,,,3.8,2.7,,,,,,,1.5,,,,,4.6,,0.7,1.2,,,2.5,,1.1,,4.6,2.9,1.4,,2.8,,,5.0,4.2,2.8,3.7,,,0.2,,,,,0.6,4.9,,1.9,,,,,,,0.4,,3.7,,,,3.1,4.0,,,,0.2,,,2.8,,,,4.2,,3.6,,,,,0.7,0.1,,,,2.6,,1.8,,,,3.3,,,,2.5,3.3,,,,,,,,,,,,,,,,,,,,,,,,,,,,,,,,,,,,,,,,,,,
2987152,6180865,70.14,S,6686,,517.9,visa,141.2,debit,313.8,34.7,,,gmail.com,,17.0,12.0,19.0,19.0,18.0,8.0,3.0,2.0,4.0,0.0,12.0,17.0,18.0,2.0,192.5,,345.9,328.4,,125.4,,381.8,434.0,213.9,,589.8,,,589.9,T,F,F,,,T,,,T,,,2.7,2.8,,,,,4.7,4.8,,2.7,,,,,,,3.8,,,,3.3,,1.5,,3.3,,,,3.3,,,2.3,,,,4.9,4.1,,3.3,1.8,4.4,,,3.9,,4.1,3.5,0.1,4.9,,,,,2.6,2.7,,1.8,,4.6,,,,,,,,,,0.8,,,,,2.2,,,2.9,,,,,,3.7,,2.3,,,1.5,,4.6,,,,,,,1.6,1.1,3.1,,,,2.5,2.8,,0.8,3.4,2.5,,,,,,,,,,,,,,,,,,,0.1,,1.3,,,,,4.3,,0.1,,4.9,,,,,,,,1.9,2.4,,2.9,,,,,1.2,,,,,,,,,,,5.0,,1.2,,2.4,0.1,,,,,3.8,1.7,,,3.3,3.5,2.1,,,2.6,,,,0.4,,,,,,4.0,,,,,,,,,3.9,,,,,,1.0,,,3.0,,4.0,,,,,,,,,,,0.2,,0.4,,3.8,,,1.5,1.3,,,0.5,1.4,,,,,,,0.0,4.3,,,,0.7,0.6,,4.6,,4.7,,3.2,,,,,,,,,,,4.1,2.0,,,3.0,,3.2,3.8,,3.0,,4.2,,,3.3,,4.1,0.9,4.3,,,,2.5,,,2.1,1.9,3.1,1.8,0.4,3.4,4.7,,,3.7,,,,2.1,,,,,,,,,,,,,,,,3.1,,,,1.2,,2.6,,,,,2.2,,,4.2,,,,,,,,,,,,,,,,,,,,,,,,,,,,,,,,,,,,,,,,,,
2987153,6267480,130.6,C,7917,552.5,228.9,visa,401.6,credit,,,1871.5,,gmail.com,gmail.com,8.0,12.0,19.0,10.0,11.0,0.0,15.0,13.0,11.0,10.0,0.0,10.0,1.0,12.0,0.0,,,578.1,181.9,,,501.5,,,,,343.7,,0.0,,F,,M2,,T,T,F,T,,4.4,3.6,1.2,,,,,,1.5,,,0.9,,,,2.5,,1.5,,2.7,5.0,,,,,1.8,,,,,,,2.7,,3.6,1.5,4.0,4.6,,,,,,0.8,,1.9,,,,,,,,,2.3,,,0.2,,1.1,,,0.1,0.2,,,,,,,,,,,,0.5,2.4,,4.8,1.2,0.6,,,,,,,,,2.4,,,3.9,,,1.2,,,2.3,,,,1.1,,,,,,3.1,,,,,,,,,,,,,2.3,3.9,,2.1,,,0.1,,,1.4,,,,,0.1,2.4,,3.8,0.1,,,,,,,4.4,3.8,,3.4,1.3,,1.3,,,,,0.6,1.4,,,3.9,0.2,,,,,,,,,,,,,4.3,0.9,,,2.8,,,,1.3,0.4,,,3.7,,4.8,,,,,,0.1,2.0,,,,,,,,,2.5,,,,,,,,2.8,,1.5,,,,,0.3,,,,,,,,,,,1.2,,4.2,,,,1.3,,0.3,,,,,,,,,,,,,,,,4.3,,,0.2,0.9,,,,,,3.5,,,,2.2,,,,,,,,,,,,,,,,,,,,,,,,,1.7,,2.3,0.2,,,,,,,,,,,,,0.4,4.3,,,,4.5,,,,,0.3,2.9,,,4.4,,,,,,,,4.6,,,,2.0,1.0,-5.0,204385.0,,,,,,,,,,NotFound,,,New,,,,,,,,,,,,,New,NotFound,,chrome 66.0 for android,,,,F,F,T,F,mobile,
2987154,6285760,60.25,R,16110,440.9,350.3,visa,498.7,credit,283.1,79.6,,,,,12.0,9.0,9.0,8.0,1.0,9.0,1.0,12.0,16.0,11.0,4.0,4.0,18.0,14.0,,155.1,,,321.4,,,,,543.8,435.6,215.2,584.3,13.1,570.3,T,,T,M0,F,,T,T,F,4.7,,,,,,3.7,2.8,4.8,,,,,,,3.3,2.8,,,,,,,1.3,,,,1.4,,,,3.2,,,,,0.7,0.3,1.0,1.8,,,,3.2,1.4,,,3.5,,,,,,,,,2.2,2.2,,,3.5,,,,,,,,,,,4.5,,,,,,,,,0.1,4.6,,,,0.4,,,,,,,,,,0.4,,,3.0,,,,5.0,1.9,,,0.6,,,3.8,2.3,,,,2.3,2.1,4.2,,,,,,,,1.0,,,,4.3,,,2.0,,,2.5,2.0,,,,4.5,,,,,,3.5,,,,,,,,,2.3,,1.2,,,,3.2,,3.3,2.9,,0.9,2.1,,,3.1,,,3.2,1.6,1.3,,3.3,,4.2,,,,,,,,3.6,,1.0,,,,,,,2.1,,,0.2,,,,,,4.2,2.6,,,,,,,3.6,,3.4,,4.8,4.4,1.0,,,,,0.8,,,,,,,4.2,,1.6,,,,,4.3,,1.8,,,4.7,3.8,,,2.2,4.3,,,4.0,,,,4.8,,,1.9,,,3.4,,,,4.0,4.6,,,1.2,,0.7,,,,,,1.2,,,0.3,,,0.2,,,,,3.2,,,,,3.6,,2.1,,,,,,,,,,,,,1.6,4.5,,,,1.3,,,,,2.0,,,,,,,,,,,,,,,,,3.1,,,,2.1,,,,,,,,,,,,,,,,,,,,,,,,,,,,,,,,,,,,,,,,
2987155,6426499,11.29,R,8905,263.7,536.3,discover,250.9,credit,279.9,31.6,,2858.3,yahoo.com,gmail.com,2.0,17.0,15.0,13.0,4.0,6.0,1.0,0.0,12.0,4.0,18.0,4.0,3.0,13.0,,,542.3,,78.2,135.4,266.1,503.6,274.8,,,,221.7,,,T,,,,F,T,,F,,,,1.7,,1.4,,,,3.3,,,,,,3.8,,,,,3.3,3.5,,2.4,,,,,,,2.2,,,2.5,,,,,,1.6,3.3,,1.4,,,,,,4.8,,1.4,,,,,1.5,1.8,,,,2.4,0.7,,2.9,,1.0,,2.5,,,,4.5,,,3.5,2.9,3.4,3.0,4.6,0.8,,,1.9,,,,4.3,,,,,,0.7,1.4,,,,0.4,1.4,,,,,4.4,0.6,,,1.0,1.1,3.0,,2.7,,,,3.6,,,1.5,4.3,,,,2.8,,1.7,,,,,2.1,,,,2.8,2.3,,,,,,2.3,1.4,2.1,,,,,,,,,4.9,3.6,,,1.8,,,2.1,,1.0,,3.3,,,2.8,0.4,4.0,,,,1.9,,,4.3,,3.1,,,0.2,,,,,,,0.7,,0.7,,,,,,0.8,,3.0,,,,1.1,,,,3.7,,,,,,,,0.7,,,,2.6,1.4,3.2,,0.9,,0.1,4.5,,,2.3,4.8,1.3,2.9,,,,,,2.6,,,,,,2.6,,,,3.5,2.0,,3.9,,,4.2,3.0,1.6,,4.6,2.7,,,,,3.9,,1.8,,,,,,,5.0,,,,,,3.9,,1.7,,3.4,,,,,,,3.8,,3.8,,,,3.4,,,,2.7,1.2,0.9,,3.3,0.7,,,3.1,,,,,,,,1.5,2.0,,,,2.1,,,,,0.7,1.9,,,,4.9,1.6,2.2,,,,4.6,,3.7,,,-17.4,15.4,-43.6,-28.1,44.2,-40.8,39.6,3.2,-44.4,39.1,,NotFound,41.0,-17.9,,New,,,41.0,,40.3,,Found,-16.2,22.1,-18.7,Found,NotFound,,Found,New,5.0,,Found,,NotFound,Found,Found,desktop,New
2987156,6431817,447.43,W,14212,353.6,575.0,discover,425.0,credit,441.6,85.4,185.7,,yahoo.com,anonymous.com,15.0,12.0,17.0,4.0,10.0,14.0,4.0,2.0,3.0,10.0,10.0,8.0,10.0,9.0,,,,255.7,,211.5,2.6,,,159.7,,,,422.1,,,T,T,M0,F,T,F,,F,3.3,2.6,0.2,,,,,,,,,,,4.6,,,1.5,,,,4.0,,0.7,3.6,0.7,0.9,,,,,0.8,,,,3.0,,,,3.1,,,3.2,,,,,,0.8,4.1,,3.6,,,,2.6,,3.1,,4.8,,,0.4,,,,,,4.2,4.1,,,,,,,,,1.6,,,,,2.5,,,,,,3.8,,,,4.4,,,,,3.9,,,,1.9,1.3,,2.2,,,3.3,,,,,,,,,,2.8,,,3.2,3.7,,,3.2,,,,3.2,0.3,2.2,,2.3,,,,,,,,1.2,1.5,0.5,,,,0.1,,,,4.8,,2.4,,1.2,3.0,,,2.6,,,,,2.0,,,,,,2.2,2.2,,,,,,1.1,,,,,,,,0.5,2.8,,3.9,,,,,,5.0,,,,4.9,,,4.4,5.0,3.5,,,,4.5,,,3.9,3.6,,,,,,,,3.7,0.6,,,,,3.3,2.3,,0.8,,2.3,0.4,3.8,4.6,2.7,,,,,,,,,,,2.0,,1.7,,,,0.9,,1.9,,,0.3,,,,,,,,3.6,,1.4,,,,,3.4,0.4,,,,,,,3.3,,3.9,1.9,3.1,,,1.3,,,1.5,1.4,,1.1,,3.1,,,4.4,,,,,,,,,,,,4.5,,4.2,2.4,,,1.6,3.2,,,,,,3.1,1.8,,,,,,2.7,4.6,,1.2,1.4,,,,2.8,0.4,2.3,48.5,48.5,13.6,14.9,2.0,21.3,-1.0,,,,,,-42.3,,NotFound,Found,40.9,,1.0,-5.0,-38.0,-39.4,,-1.0,-29.2,-32.4,NotFound,Found,,NotFound,,-36.5,New,Found,New,,Found,Found,desktop,NotFound
2987157,6524330,72.9,C,11565,266.6,350.6,mastercard,167.8,debit,123.2,67.4,664.8,,gmail.com,,16.0,17.0,2.0,18.0,16.0,10.0,5.0,2.0,0.0,11.0,5.0,6.0,9.0,12.0,,,,572.7,75.3,117.7,,118.2,166.2,,355.8,,,347.7,597.7,,T,,M0,,,F,,T,,,,,,,,,,,0.2,3.1,,1.9,,,2.9,3.3,2.0,,1.1,,,,,4.2,,,,0.9,,,4.4,,,0.2,,,0.3,,,,,,1.3,,,0.2,0.6,,,,3.1,,,,,,,0.7,,,2.8,,,,,,,,0.1,,,,,,0.6,,,3.6,3.0,4.1,,,2.3,2.2,,,,,,4.4,0.4,,,,,,,,,0.0,1.6,,,0.5,,,,2.3,3.8,,,,,,,,2.6,,3.9,,,,,2.5,2.8,,,,,,,,2.4,,3.0,,3.3,,,,,,1.6,,1.5,,,4.6,2.9,4.6,,,3.4,,2.6,,0.0,,0.9,3.8,3.3,,,,,0.2,2.0,,,,,3.8,1.0,,2.6,,0.3,,,0.9,,,,,,0.1,,,,2.9,2.6,,,,,,,,,,,,,,3.9,,,,,2.1,0.4,,,,4.9,,,3.2,,,0.5,,,,,3.0,,,,,,,,,2.1,1.2,,0.9,,,,,,0.8,,,,,,,,,0.3,,3.2,,,,0.9,,,,,,,1.7,,,,,1.6,,,0.6,4.1,,,0.1,0.8,,,,,,,,,,,,,0.9,,3.0,,0.2,,,,5.0,,,,,,4.9,,,,3.3,,,,,,,,,,,1.0,,4.3,1.5,0.0,,,,,,4.3,,,,,,,,,,,,,,,,,,,,,,,,,,,,,,,,,,,,,,,,,,,,,,
2987158,6569943,509.49,R,5917,409.1,168.6,mastercard,100.4,,404.8,71.4,,,yahoo.com,,16.0,18.0,15.0,9.0,10.0,17.0,19.0,5.0,15.0,13.0,14.0,7.0,18.0,3.0,503.6,,,,,504.3,,241.6,,,212.2,,95.3,,551.5,T,T,F,,,,T,T,F,,,,5.0,,0.8,1.8,,,2.4,,,,3.2,0.4,,,,,0.8,,,,,,,4.9,,,0.2,,4.6,,,,3.7,,,,,,1.4,,,,,,,3.9,,,,,,,2.7,,3.1,,,,,,,,,,,,4.7,,,2.9,3.7,0.7,0.4,2.9,,,,,,,4.8,0.3,,,3.1,1.1,,,,,,,,,,,,,,,,,,3.3,,,,,,,0.9,0.3,,,,,4.6,,0.8,,,,,0.8,,,,,,,,,,,,,,,,,,4.1,,4.8,,4.8,,,,,4.6,,,,,3.0,,,,,,4.8,2.1,,,,1.4,,2.8,2.9,,,,2.9,,,,0.7,,,,,1.0,,,,3.4,,,,4.8,,3.8,,1.4,,,,,,3.6,1.1,,1.0,,,3.1,,4.3,4.1,,2.6,,,,,3.9,2.9,0.6,,,4.4,4.5,,2.0,,,,1.4,,,,,,,2.6,3.5,,,,,,,1.7,,,3.5,,,,,0.8,,2.9,0.2,,,1.4,,,,,,,2.5,,,0.6,1.3,,,,0.6,0.3,3.6,,,,,,1.4,,,2.4,,,,,0.0,,,,,,,,,,,,,,1.2,,,,,,,,2.8,,,,,,,,,,,4.0,,2.5,,,1.0,,,,,,0.0,,0.1,,-14.7,,,,-19.5,36.0,33.4,,-10.2,,-24.2,New,-42.8,,Found,,,-28.3,2.3,,-48.8,8.0,New,36.7,39.4,-32.3,Found,New,,,New,,Found,,Found,Found,New,New,desktop,
2987159,6591010,23.53,W,17147,511.7,351.3,visa,173.7,credit,171.9,64.3,840.6,,hotmail.com,gmail.com,16.0,3.0,1.0,6.0,19.0,5.0,1.0,5.0,19.0,9.0,11.0,17.0,17.0,7.0,,273.9,,,467.3,,,538.8,91.5,,,,,597.2,,,F,F,M0,T,T,,,,3.8,2.5,,,,3.9,,,,,,,,,,0.8,,,,2.3,,,0.3,,,1.6,,,,,3.6,,,,0.9,1.8,4.1,,,,,,,,,1.7,3.8,3.2,4.5,,0.1,,,,3.0,3.4,,,,,,0.9,4.7,2.3,,,,,,,,,3.9,,3.1,,,,,,,,,0.8,,,5.0,,,,,4.7,,,,,,1.3,0.2,,,,,,,,,,1.7,,4.7,,,0.6,,,,,,,,,,,,,,,,,,4.6,,,,,,,,,,2.8,,,,1.3,,,,,,,,1.3,0.1,1.3,,,,2.8,1.8,,4.7,,,3.3,,,,,,,,,5.0,,2.6,,4.2,,,,,,0.7,,,,,,,,,2.4,,,,,,1.6,,2.3,,,,,4.0,,,2.2,4.0,4.3,,2.2,,,,3.1,3.7,,,,,,3.9,,,1.1,,,,,,,,0.5,,,,,,,,,0.4,,,1.6,,4.0,,,3.2,3.8,4.5,,,,,,2.0,1.4,4.8,,,3.3,0.9,,,4.4,2.4,2.2,,,,,0.3,,3.5,,,3.3,2.3,,2.8,4.4,,,,,,,,,,0.6,4.0,3.5,,,4.4,,,,0.4,,,3.7,,,3.9,,,,2.4,,,,,,,,1.5,,,,,3.6,,,,,2.2,5.0,,,,,,,,,,,,,,,,,,,,,,,,,,,,,,,,,,,,,,,,,,,,,
2987160,6638006,16.36,H,17093,526.2,394.7,discover,557.8,debit,293.8,87.6,,,gmail.com,,8.0,0.0,11.0,4.0,11.0,11.0,19.0,16.0,4.0,12.0,8.0,8.0,18.0,15.0,89.4,487.1,,,,,308.6,,21.0,,372.9,,,,,T,F,F,M0,F,T,,,,,,,4.3,0.5,3.6,4.3,,,0.6,,0.4,,1.2,,,,,,2.7,,,,4.3,,,3.0,,,,,,0.8,0.7,,4.7,,,,0.7,3.9,,,,0.0,2.5,1.7,,,0.5,4.7,0.1,,,,4.2,3.4,,,,,4.3,,,,,,0.8,,,4.0,2.8,,,,3.7,,,1.7,,,3.7,2.1,,,,,,5.0,4.7,,1.6,,,4.4,,,,,,5.0,1.0,,,3.2,1.1,,4.8,,,,,,,4.0,3.0,,,3.7,,,3.4,,,,4.2,,,,1.4,,,,,,,1.9,,,,,,,,,,,,,,0.9,3.7,2.0,2.9,,,,,,3.0,,,,,,,,2.3,2.9,0.9,,4.5,,,0.9,,,,3.0,,,,,,,,,,,,2.4,,,3.1,,,,,3.8,2.5,1.2,,,,,0.1,,1.9,2.1,,,,,,4.7,,,4.8,4.6,,3.0,,,,,,,3.4,2.8,3.4,,,4.3,,,,0.6,,,0.8,,,,,4.4,3.7,0.3,2.5,3.6,,,,,,4.3,,2.4,,3.4,,,0.5,,,,2.5,,,,,4.2,,2.3,,1.9,,,,,,,,3.9,,,,1.0,,,,,,,,1.8,1.1,2.9,,4.4,,,2.1,,2.6,,,4.7,3.1,,,0.6,,,,2.9,1.2,,1.0,4.7,,,,,,,,1.9,,,4.8,0.2,,,,,,3.8,,,,,,,,,,,,,,,,,,,,,,,,,,,,,,,,,,,,,,,,,,
2987161,6672168,111.1,S,1763,595.8,239.1,mastercard,312.1,debit,326.1,96.3,1399.1,804.8,,,0.0,19.0,1.0,12.0,15.0,3.0,4.0,16.0,17.0,5.0,16.0,5.0,12.0,19.0,,,376.1,147.5,,,203.0,,501.3,,,,105.8,,501.2,,F,,M2,T,,T,T,,,2.3,,3.8,,,,2.0,,2.6,4.4,2.7,,,,,,,,0.0,,,4.9,1.9,3.7,,,,,,3.3,,,,,3.1,3.1,,5.0,,1.8,,,,3.5,2.0,,,,,,,,1.9,,,,,,,,,2.4,,,,,,,,,1.6,,1.7,3.7,,0.4,,,,,1.2,,,3.1,,,4.9,4.2,,,1.8,,,0.5,,,,3.4,,3.3,,,,,,,,,,4.7,,,,,,,,,,,,0.8,,,,,,,,,2.0,2.8,,,,,,,,,,,,1.7,4.0,,3.3,,,0.6,,,,,0.8,1.2,,,,3.8,,,,,3.0,,,4.4,1.2,,2.9,,,,,,4.5,,,1.9,4.2,,,2.1,,,,2.5,,,1.3,,,,,,,,,,,,2.6,,,,1.5,,1.5,4.8,,4.8,,,3.7,,,,1.5,2.2,,0.2,,,4.8,4.0,,0.9,,,,,,,,,,,2.7,4.7,0.2,,,,,2.7,1.9,,,,,,,,,3.8,,,,1.4,,,,,,,,,,1.8,,,,,,,,,,,,1.0,,,,,,,3.7,,,2.6,,,3.0,,,,2.6,,,,,4.2,,,,3.1,3.7,2.6,3.3,,,3.7,,1.8,,3.3,1.2,,,,0.1,,3.4,,,3.2,,1.3,2.3,,,,,,,,,,,,,,,,,,,,,,,,,,,,,,,,,,,,,,,,,,,,,,,
2987162,6687259,34.03,S,12394,195.7,521.1,mastercard,388.1,credit,147.4,65.4,2982.3,,gmail.com,,13.0,15.0,7.0,7.0,15.0,16.0,3.0,3.0,12.0,17.0,15.0,18.0,9.0,19.0,38.5,,497.8,,167.0,,13.9,173.3,,434.8,335.1,148.9,81.8,,,T,,,M1,,T,,F,,,,,,,2.6,,,,,,,,,4.9,,,,1.7,,,4.2,,0.8,,3.3,,,,,,,3.2,1.7,3.6,,,,0.1,4.9,,,,,,,1.6,,,,,,,,,,4.9,,,,,,,2.4,2.5,,1.8,,,1.6,,,,,0.7,,1.9,,,,,,,,,,0.7,,,,,,,,,,,,,,2.4,,4.3,,,,,,,,,2.3,,,,,,3.7,,2.5,3.1,,2.4,0.3,,,,4.9,,,,,,,,4.5,,1.7,1.0,,,1.8,,4.0,4.6,3.1,4.5,1.7,3.5,,1.5,2.6,,,,,4.9,3.5,,,,,,,,,1.7,3.1,,,,,,,,,2.0,2.0,1.3,,,,,4.7,,,,,3.7,4.0,,3.3,1.1,3.7,,1.8,,,,4.9,3.1,,0.3,3.3,1.0,1.4,,,,,,3.0,,,,,4.2,,0.5,,,,,0.3,,1.4,3.3,,2.4,,,4.3,1.9,,,2.1,,,,,4.0,,,2.7,0.7,,,,1.0,,1.3,,,1.8,,2.8,,,,,,,1.2,1.3,0.2,,4.9,,1.0,,,,,,,3.9,,,,,4.6,2.2,,,,,,,,0.1,,,,0.8,,,,,4.1,,,,,,,1.6,2.9,,3.7,,,3.9,,,,,,,,,,3.4,,,,,,,2.9,1.8,,,,,,0.2,,,,,,,,,,,,,,,,,,,,,,,,,,,,,,,,,,,,,,,,,,,
2987163,6703096,149.58,S,6593,295.4,212.4,discover,144.2,credit,355.2,19.4,,,,,0.0,18.0,2.0,5.0,19.0,8.0,18.0,15.0,0.0,12.0,1.0,9.0,6.0,11.0,,,256.1,,595.9,588.3,44.0,568.2,263.0,,418.0,27.3,477.0,,,T,F,,,,,,,T,,3.9,1.7,,,0.1,,,4.3,,,,,,,,,,,,0.4,1.3,,3.5,1.9,,,,,,,,,,,,,,,1.3,,,,,,,,,,,,4.8,,,2.2,,,,,,,1.5,2.0,3.1,,,1.0,0.2,,,,,,,,1.1,,4.1,3.4,,2.1,,,3.7,3.6,,,0.4,,,,,,,,3.1,,,4.1,1.3,,0.1,,0.5,4.9,3.7,,,0.3,,0.9,3.5,3.0,4.7,,,,4.1,1.8,,,,,,0.5,,,,,,,,,2.1,,,1.1,,3.5,,3.3,,,,,,,,,,,1.7,3.1,,,,0.4,,,,,,,,,,,,,,,,4.1,2.8,4.1,,2.6,,,2.2,,,,1.5,0.1,,,,,,3.0,,,2.9,0.6,,,,,1.2,,,4.6,,,,,,1.1,,0.8,,,,,,,4.8,,,,,,,0.5,,,,,2.5,,,1.8,,,,,,,,,1.9,,,4.3,,,,,,,2.2,4.7,,,,,,,,,,,,3.7,,,,,,1.6,,0.2,3.5,,1.7,,,3.9,,,4.3,,2.0,0.8,4.3,,,,1.4,,,,,,,,0.2,,4.8,,3.5,2.6,,,3.4,,,,,3.3,,0.1,,0.7,,,4.7,,,,,,3.5,,,,,,1.4,,,,,,,,,,-13.5,,-0.9,,,,37.8,,-40.2,27.9,-16.7,Found,-15.6,16.8,Found,NotFound,,9.3,31.5,5.8,25.7,3.3,Found,-25.0,33.4,-29.4,,NotFound,,Found,New,-35.0,,New,Found,NotFound,,,desktop,
2987164,6823374,50.7,S,7858,181.3,520.9,visa,502.5,credit,,97.0,2896.3,,hotmail.com,,3.0,1.0,18.0,10.0,9.0,12.0,8.0,9.0,12.0,12.0,11.0,18.0,7.0,19.0,,20.1,,388.9,173.4,,,583.5,340.7,,148.2,526.4,133.7,,526.4,T,F,,,,,F,F,F,,3.0,,,,0.7,3.3,3.7,1.9,,4.8,3.6,4.9,,,,0.5,4.6,0.9,,,,,,,,4.3,,3.2,2.2,,,,,,4.9,,,,,,3.6,,,,,,,,,,4.0,4.4,,,,,,,,,,1.0,2.8,1.5,,1.4,,1.1,,,4.0,,,,,5.0,,4.8,,,,,,,,,2.9,,,,2.9,0.7,,,1.7,0.4,,,,1.0,3.8,,3.5,2.9,0.4,,0.3,,,,4.1,0.3,,,,,1.5,,,0.7,,2.3,,,4.3,3.1,,1.3,,2.3,,,,,,,3.5,,,,,0.7,2.7,,4.6,,2.7,,2.4,1.2,,,,,,3.8,3.1,,3.9,,,,,,,1.8,,1.5,,,,,0.1,2.9,,0.1,,,,,2.8,,,,,0.4,,,2.4,,1.6,,,,0.8,,,,5.0,,2.7,,,1.2,,2.9,,0.2,3.4,,,,,,,,,,,4.9,,,0.7,4.7,,,1.3,,,,,,,2.8,,,2.7,4.0,,,,1.6,2.3,,0.2,,,,0.9,,0.5,,1.5,,,,0.2,,,,,4.4,,,,0.1,4.0,,3.9,3.5,3.7,,,1.0,0.8,,4.7,,2.5,5.0,,,,,4.4,4.1,,,,,,3.7,,,2.3,2.6,2.1,,,,,1.2,,,,1.4,,4.7,2.5,,,,3.6,3.4,4.5,,3.2,,3.6,,,,,,,4.7,1.2,,2.7,,,0.9,,2.3,,3.2,,,,,,,,,,,,,,,,,,,,,,,,,,,,,,,,,,,,,,,,,,
2987165,6839470,31.8,C,10028,409.5,115.8,mastercard,374.7,credit,,,,,gmail.com,gmail.com,9.0,17.0,11.0,12.0,16.0,15.0,5.0,5.0,15.0,10.0,14.0,0.0,1.0,12.0,0.0,,,59.1,146.1,210.9,,,,178.1,325.1,,94.3,29.6,0.0,,,F,M2,F,T,T,,T,2.3,,,,,,3.9,,,,,,1.4,,2.0,,,4.4,,,2.6,,,4.0,,,,,,,,2.3,,2.6,3.5,,,2.9,,1.4,,1.2,,4.9,4.8,,,,4.5,,,,,1.2,,3.2,0.7,,,,,,1.0,,,,,,,,2.4,,,,0.3,,3.7,,,,2.8,1.6,,0.5,,,,1.6,,0.9,,1.3,,,,,1.3,,1.9,0.8,1.3,,1.6,2.0,2.1,2.3,,,,2.6,3.2,1.3,,4.5,0.8,,,,,,,,4.9,,,,3.8,,,,,,3.0,0.1,,4.5,,,,,,,,,4.5,,,,2.6,,,,,0.2,1.3,,,,0.5,1.4,1.3,,,1.5,,4.3,,,4.4,,,,1.4,,1.7,0.7,,,1.3,,,,,,,,4.9,,3.0,,0.8,,3.3,,,1.7,,,3.3,,1.5,,0.3,,,,2.7,0.3,,0.9,,,3.2,,,,,,1.5,3.6,,,,,,1.5,,,,,3.1,,,0.3,2.5,,0.8,,0.2,2.8,3.6,,,,2.2,,2.5,,,,0.3,1.0,4.5,,,4.6,,,,,,,4.6,0.8,4.1,,3.4,,0.7,0.6,,,3.9,,2.8,,0.3,4.2,4.7,,,,0.4,,3.6,3.3,3.8,,1.2,,,,4.8,,,4.4,3.3,2.2,,,1.7,1.4,1.0,,,,,,,,,,,,,3.5,,0.2,,,,,,3.1,,,,,,2.3,,4.6,,,,,,,,-5.0,183450.0,18.6,-43.1,,11.6,-7.1,-29.2,3.3,-9.8,-46.7,NotFound,,7.3,New,,22.7,,36.7,0.0,,-7.0,NotFound,18.3,,,,New,NotFound,,chrome 66.0 for android,13.2,Found,Found,F,F,T,F,mobile,NotFound
2987166,6866391,33.02,R,2244,405.5,331.0,discover,483.6,debit,498.9,62.6,,,hotmail.com,yahoo.com,12.0,0.0,5.0,6.0,0.0,11.0,2.0,6.0,4.0,12.0,16.0,10.0,9.0,7.0,381.0,135.6,152.5,,,387.8,,,534.9,437.2,135.3,477.6,,72.0,,F,,T,,F,T,,T,F,,,5.0,1.9,3.9,,,,2.7,,,3.6,,,,,,,,4.7,,1.4,,3.1,4.8,,,3.7,,,3.7,2.4,2.5,4.5,,,,,3.6,,,,,,,,,,,,1.8,1.4,,,1.9,3.6,0.3,0.7,,,,,1.3,,,,,,,4.1,,0.9,,,,,,,,,2.8,0.6,,,5.0,,,,3.7,,,,0.1,,,,,,,2.8,1.7,,0.3,,,,,,,,,2.8,,,,2.6,,,2.4,,3.3,,,,,,,,3.4,0.8,,0.5,2.3,,,3.2,,,,3.7,,4.4,,4.2,,,,,,,0.0,,,,,,,3.9,,4.0,,,,,,2.4,,,,,,4.0,,2.3,,,,0.8,4.6,4.0,,,1.8,,,4.9,3.8,,,,2.4,,,,,,,,,,,2.7,4.4,1.0,,,,3.5,,0.3,3.9,,3.9,,3.7,3.4,,4.9,3.1,,,,,,,,,,,,,,,2.8,,,,,,0.7,,,0.6,,,2.3,1.9,0.1,,,4.4,,3.4,,,,,,3.6,4.9,,,2.4,1.2,4.3,,,,,0.2,,,,,,1.2,,,,,,2.6,,1.5,,1.5,,,4.4,,3.8,1.6,,1.9,,,,,,,,,,0.6,2.5,,1.8,,,,,,1.6,,4.0,,3.2,,,,,,,,,1.3,,,,3.3,,,4.9,0.6,,,,,,,,,,,,,,,,,,,,,,,,,,,,,,,,,,,,,,,,,,,,,
2987167,6873714,100.0,W,5028,556.3,132.8,visa,239.9,debit,202.0,87.0,2776.7,,gmail.com,,1.0,5.0,5.0,0.0,8.0,2.0,16.0,6.0,9.0,7.0,3.0,5.0,6.0,10.0,228.0,,85.3,,,,,237.2,,38.5,,,,240.9,357.0,,T,F,M0,,,T,F,F,,3.7,,,,,,,,,,,,,,,,,,2.2,,,,,,,,1.2,,,,,,,,4.6,,,4.4,,4.0,3.0,,,3.8,,,,1.2,,1.9,,,,2.6,,,,,,,,4.6,,,,,2.3,,,,,,2.6,3.4,,2.8,,1.8,,,,,,3.1,,,1.8,,,,,,0.9,2.3,,,,2.5,,,,,,,3.6,,,,,,,,,,3.8,,,,,4.7,,,4.6,,,,1.1,1.7,,,,,2.7,,,4.2,4.1,,3.0,3.1,3.1,3.2,,1.6,4.6,,,,3.7,,,,,,,,,,,,,,4.4,0.8,,,,,1.6,,,,,4.1,,,,,,,,4.0,,,,2.8,,,,1.5,,1.4,,,,,,,2.2,0.5,0.6,,,1.5,3.9,,3.9,2.2,,,,3.3,,,2.9,,0.5,,,,,1.9,,,,2.3,2.3,,,,1.2,0.5,,,,,,,3.5,,2.7,,,,,,,,,0.3,2.6,,,,3.2,,,0.8,,,,,,,,,2.5,,,1.3,,,1.0,,,,,2.8,,,0.5,,,3.3,0.8,0.8,1.8,,3.0,3.9,,,2.9,,4.9,,,1.0,,,,3.1,,,1.5,2.1,,,2.6,4.3,,,0.9,,,,1.4,,2.7,,,,2.7,4.9,2.3,4.7,1.4,,,1.7,,,1.9,4.6,,,,,,,,,,,,,,,,,,,,,,,,,,,,,,,,,,,,,,,,,,,,
2987168,6988301,148.3,S,14590,118.3,463.5,visa,241.7,debit,223.2,72.7,,,yahoo.com,,12.0,3.0,3.0,0.0,8.0,3.0,9.0,15.0,1.0,13.0,8.0,3.0,3.0,14.0,,390.0,42.2,227.3,24.8,340.7,,113.2,,71.8,,,,87.6,,T,T,,,,T,,,T,,,2.4,,,,,0.5,2.2,,3.5,,2.1,1.1,1.2,,,,,0.1,,,1.3,,,,3.1,,,4.9,4.3,,1.5,,,,4.6,,,3.9,3.1,,,,,,,,,,,,,,4.7,3.7,,,,1.3,,1.2,,0.2,,3.7,,4.9,,2.3,2.6,,,,,,,,3.1,,0.8,,0.7,,,3.5,0.7,,,3.0,,,,,,,0.7,,4.2,4.1,,,,,,3.9,,,4.5,,,1.8,,,0.3,,,0.4,,,,,,,,,,,,,4.1,4.7,4.9,3.0,4.7,,,,1.5,,,1.1,1.4,,1.8,,2.2,2.7,,,3.9,,1.9,,,,,,,,,,,,,,,4.7,1.7,2.1,,0.6,,,4.8,,,4.1,1.1,3.2,,,,4.7,0.5,2.9,,0.4,0.9,2.0,,,,3.1,1.8,,,2.4,2.0,,4.2,3.7,0.3,,,,,1.7,,,,,,,4.9,1.6,,5.0,,,,2.1,3.1,,,,,,4.1,,2.8,,,3.1,,,1.1,,,,,,,,,2.7,,1.6,1.8,1.7,3.7,,1.4,,2.9,,,,2.8,2.1,,,,,,,2.3,,,1.1,0.2,,,,,,,,,,,,4.7,3.2,1.3,,,,,,,,0.6,,,,4.9,,1.5,,,,3.6,,,4.5,,,,4.4,,0.1,,2.2,1.0,,,,2.9,1.7,,0.2,,,3.9,,,,,3.0,1.5,1.0,,4.9,3.5,2.5,,4.7,,,,,,,,,,,,,,,,,,,,,,,,,,,,,,,,,,,,,,,,,
2987169,7070753,35.76,W,15699,235.7,153.1,visa,562.1,credit,466.0,91.1,,,yahoo.com,,1.0,1.0,14.0,3.0,15.0,10.0,15.0,1.0,17.0,11.0,11.0,13.0,7.0,7.0,,,336.2,245.0,,418.7,565.4,,324.7,277.1,,,481.4,163.5,117.0,F,F,T,,,F,T,T,,,,,,,2.6,1.0,,3.6,3.5,,3.0,,,4.4,,3.5,,,,0.4,,,2.9,,,,,,,,,2.1,,4.1,2.7,,,3.7,,,,2.1,,,3.1,,,,1.3,1.8,,,,,,,4.4,,2.3,,3.8,2.6,1.7,,,,2.5,0.7,,,4.3,,1.6,3.7,4.2,3.3,3.4,3.8,4.1,,,,,,,,,,2.8,,,,3.0,,2.2,,,1.1,,3.4,,,,,,,0.2,,,4.5,,,0.6,,,,,1.3,1.6,,,1.1,,3.4,,,3.0,2.9,,,1.8,3.6,,,,,2.4,2.8,,,,4.4,,,,,3.8,,,,,,,,,1.6,,,,,,,,1.9,,,,2.6,,,,1.8,,,,,,,,,,,,,,1.2,,,,,,3.5,1.9,,,,,1.4,,3.2,0.4,,3.3,3.5,1.4,1.2,2.0,,,,,,,,,,,,4.4,,,5.0,,,4.7,,,0.3,,0.6,,4.1,,3.8,,,,2.3,,3.4,,3.6,,2.6,3.8,,,,1.9,3.2,,,4.1,1.8,,,,4.9,,,,,1.7,2.0,4.4,,3.4,4.3,,1.3,,0.7,3.0,,,,0.7,0.4,,,4.8,1.1,0.4,,,,4.9,,4.5,,,,,,,,,,,,,,,,,,,,,1.0,,,4.0,4.2,,,,0.0,,,,3.8,,4.6,,,,4.1,4.8,,,,4.9,,,,,,,,,,,,,,,,,,,,,,,,,,,,,,,,,,,,,,,,,,,,,
2987170,7072021,9.83,R,15077,283.7,598.2,visa,532.8,credit,,48.3,,,hotmail.com,,11.0,15.0,7.0,7.0,0.0,11.0,0.0,15.0,3.0,4.0,12.0,6.0,14.0,5.0,549.7,,166.3,218.3,527.9,204.9,,,,296.7,,217.2,343.8,89.7,,,,,M0,T,F,F,T,T,0.1,,,,4.9,2.1,,2.1,,,,,,4.0,,,,0.3,,,,,,,1.3,,,2.1,,,2.5,1.3,,,,,,2.3,,4.8,,,,,,3.2,4.9,,,,,,,3.7,,,,,,,,,,2.0,0.3,,,0.0,,,1.8,,1.2,,,,,,,,,4.0,,3.0,0.8,,,,2.2,,,5.0,,,,,,,,,,,2.2,,,2.8,,3.6,,,4.2,,,2.1,,,,,,2.9,,5.0,,,,,,,,0.3,3.0,2.0,,3.4,4.5,,2.0,,1.3,,,,,,,1.1,2.3,,1.5,1.9,,,,4.4,2.1,3.2,,,,0.9,,,,,,0.2,2.5,,2.5,,,,,,,2.7,,,1.3,,0.9,,,,,,4.7,,,,,3.0,,,,,,,0.1,,,,,1.7,,,,,2.6,,,4.9,,,,,,,,3.0,4.8,2.1,,,,,,,,,4.9,4.5,,,3.9,2.1,2.9,,2.5,2.6,,0.8,1.7,,,,,0.5,,,1.2,1.8,,,0.3,4.4,,2.0,4.1,1.7,1.4,4.7,,,,2.8,,,,,,5.0,,,,,,,,0.5,0.9,,1.0,4.5,,,4.1,,2.2,,3.9,,,,,1.9,,,3.9,1.0,,,,1.6,,,0.3,4.7,,,4.7,,0.6,,0.4,,,,1.1,2.9,0.8,4.4,,,4.1,,,,,,,,0.1,,,2.8,,,,,,,,,,,,,,,,,,,,,,,,,,,,,,,,,,,,,,,,,,,
2987171,7197587,40.32,R,17610,147.3,172.6,discover,207.9,credit,261.0,37.7,,,gmail.com,yahoo.com,1.0,6.0,12.0,19.0,0.0,16.0,4.0,18.0,19.0,4.0,2.0,5.0,9.0,15.0,,,361.3,,,544.2,,490.5,234.3,,,135.8,547.2,411.4,200.4,F,F,F,M2,,T,,T,F,,3.2,,4.9,,,,,0.7,,,,,,,0.2,1.1,,,,,,,,,,,,,,,2.6,,1.1,3.8,0.6,,1.9,,,,,,4.7,4.7,,4.3,1.1,,2.1,,4.1,,,,2.5,,,,,,3.1,,,,,,,,,3.6,,,,,,,4.5,,,,,,2.6,4.8,0.8,2.0,1.2,0.8,2.3,0.1,,,,,4.6,,,,0.6,,,,,,,,0.0,2.4,,0.9,,,4.6,4.4,,3.4,,,3.0,,,,,,,4.1,,2.0,,3.6,,,,,,,4.5,,1.4,,,,2.9,,4.1,3.1,,,,,,,,,0.2,,3.6,2.5,,,,,,,1.3,3.9,,3.9,,,,,,,2.0,3.7,,,2.2,,,1.2,,2.0,2.3,,2.2,,,,,,,3.9,,,,,,,,,2.7,,,,,1.9,,4.1,,,,,,2.8,4.1,,,1.9,,2.1,,,,,2.3,,,,4.8,,,,,3.2,,,,1.0,,,,,,2.2,,,,,,0.5,,,,0.2,,2.7,4.6,4.9,,2.0,4.2,3.2,,3.5,,,,,1.3,,,2.0,,,,0.2,,,,,1.4,,,,,1.1,0.1,,3.6,,,2.1,3.9,,,3.7,,2.2,,,,,,,5.0,,2.1,,,,,,,,,,,1.7,,,4.1,3.4,0.5,,2.1,,,,,,,,,,4.0,,23.9,44.8,,,-11.3,,,,-29.6,10.9,,NotFound,-45.8,-28.5,,,43.7,,30.3,23.5,41.9,34.3,,16.7,-5.1,-1.8,NotFound,,,New,NotFound,,Found,Found,Found,Found,,NotFound,desktop,New
2987172,7219522,251.5,W,9777,245.2,493.5,visa,483.9,debit,412.9,86.8,2910.1,142.5,yahoo.com,,18.0,15.0,7.0,3.0,19.0,3.0,10.0,8.0,17.0,18.0,19.0,5.0,7.0,0.0,,,200.7,,,555.1,,,,406.3,,,,365.7,,,,T,M0,F,F,F,T,F,2.3,0.7,,2.8,,2.5,,,,,,,0.4,0.0,,,1.7,0.8,,2.9,,,2.5,1.6,3.2,,,,2.7,,3.1,,,,1.4,,,,2.5,0.8,,2.2,,,3.7,,,3.4,3.3,,,0.2,,1.4,,,,,,,,4.0,0.9,,,3.9,,,,,,,,3.7,,1.9,1.1,,,,1.9,,,,,0.5,,,,2.3,,,,,,,,,,,,,1.9,1.3,,1.8,,,1.9,,0.6,,,,,,3.7,4.9,3.4,,,,,,,3.4,,,1.9,,,2.6,,2.9,3.8,,,,,,,,,1.9,,0.9,,3.8,,,,,2.4,,,,0.5,,,4.8,,2.2,,3.3,0.5,,,,,3.6,,,,,,,4.6,,,4.1,,1.1,1.4,,,,,4.9,,,,,,,,4.9,,,,,1.6,1.3,,,3.4,3.2,,1.0,0.2,,,,,,2.7,,1.5,,,,5.0,,0.7,,4.4,,3.5,,0.3,2.9,,,,4.9,4.6,,,1.0,,4.9,,,,,,,,0.8,3.0,,,,,1.3,,1.3,,3.7,,0.6,,,,1.2,,3.6,,,,,,,,,,2.5,,1.6,,,,4.0,1.1,,,,,,,,3.0,,,,2.0,2.5,0.8,,1.0,,,2.0,,4.1,3.9,,0.1,4.9,0.6,,1.9,,2.9,,,,3.1,,,,,2.7,,2.5,4.2,1.7,,,,,2.8,,2.2,,,,4.3,,3.4,41.8,-21.2,48.6,,-11.0,-18.5,,-12.6,38.8,-10.3,-1.6,NotFound,39.5,-7.4,,,0.7,23.6,,32.3,,40.0,NotFound,32.4,4.2,17.5,Found,NotFound,,NotFound,,-27.9,,,New,New,Found,New,desktop,NotFound
2987173,7255578,27.89,C,5327,519.2,394.4,mastercard,478.4,credit,254.8,26.8,,,gmail.com,,5.0,6.0,6.0,8.0,16.0,6.0,19.0,0.0,8.0,18.0,0.0,13.0,12.0,5.0,173.7,,348.9,,448.2,,,534.7,,,545.5,237.7,171.2,,,F,T,,M1,F,F,T,,,,,,3.3,,,,2.7,2.9,,1.2,,1.7,0.1,,,,,2.0,,,,,,2.9,,0.8,4.6,4.0,,,1.7,,,3.7,3.5,1.1,,,,,,,,0.6,,,,3.3,2.1,,,,,,1.2,2.6,,,,,4.7,,,,,,,,3.6,,,3.2,4.2,4.4,,,,4.6,0.6,,,,,,,,,4.7,,,,,,,,,,2.0,,4.1,,,0.5,1.7,,,,3.8,,,3.4,,1.6,,,0.2,,,,3.1,,2.8,,,,,,,1.0,,1.7,3.7,3.7,2.4,,,,,2.8,0.4,4.5,5.0,,,,4.4,,2.6,3.7,,0.1,,,,,,,1.3,,1.1,2.3,2.6,,,,,,4.0,,,0.6,,,,,,2.9,,3.9,,,,,1.3,,,,,,4.3,3.3,,,,,1.2,0.5,,,,,5.0,,,,,4.7,,,,,,,2.3,,,,,,1.8,,,,,,1.9,4.3,,2.2,,1.0,,3.4,,4.8,,,,,2.3,,,,,,0.5,,,,,0.3,,,,4.6,,,0.4,,0.9,,,,1.6,4.9,1.1,0.5,,0.9,,,,3.7,,4.8,0.2,,,4.1,,0.6,,,,,,3.4,2.8,,,,,,,,,,,0.2,0.2,,,,,,4.0,,,,4.5,,,,4.7,,,2.3,,,1.5,,0.7,,,3.8,,,,,0.2,,,4.8,4.7,0.1,,,,,,,,,,,,,,,,,,,,,,,,,,,,,,,,,,,,,,,,,,,
2987174,7265422,59.59,C,4919,212.2,256.4,mastercard,462.4,debit,449.7,,1464.2,,hotmail.com,,15.0,15.0,2.0,0.0,5.0,2.0,13.0,8.0,19.0,3.0,17.0,15.0,15.0,1.0,384.5,,169.3,,,110.2,,459.4,594.3,463.3,,513.0,,358.5,295.9,,F,,,,F,F,T,,,0.1,,,,3.1,,3.9,,2.1,4.7,,,,,,1.1,,,,,1.4,,,,,,,,,,,,,2.3,,,,,,,,,,,,,,,,,0.4,,,,3.2,2.1,,,,,4.2,,,,,1.2,,2.9,,,3.6,3.3,,0.5,,,,,,,2.9,,2.1,,,,,0.7,,,,,,,,,2.4,2.2,,4.6,1.8,,,,0.7,,,,,,2.7,,,,,0.8,,,,0.3,4.2,,,1.0,0.4,0.5,,,2.3,,0.7,,,,,,,,4.0,1.7,0.5,,,3.2,,1.9,,0.4,,,,1.9,2.0,1.3,,2.7,1.2,4.5,,,,2.2,1.5,1.9,,,,,,,0.8,,,2.7,0.6,,4.7,,,,,4.1,,,,,,,,4.5,,,4.3,4.0,,4.4,,,,,,0.6,,,,,,1.4,,,1.2,4.0,,4.5,3.9,,1.7,4.2,0.8,,4.1,,,,,,,,1.3,,,0.1,,,1.9,,2.1,,,,2.3,,,,4.4,,,,,,3.0,,,3.2,,,,,,4.1,,,,1.1,4.1,2.6,,,0.9,,,2.9,,,,,,,,,2.5,,,,,,,3.6,1.2,,,,,,,,,,,3.8,,,0.2,,,,,,,,,,3.2,,,,,1.4,,,,2.2,,4.6,,,,,,0.5,,,,4.7,,,,,,,,,,,,,,,,,,,,,,,,,,,,,,,,,,,,,,,,,,,,
2987175,7313285,128.0,C,10236,237.7,469.1,mastercard,484.2,credit,,,658.9,,gmail.com,gmail.com,13.0,19.0,13.0,15.0,9.0,16.0,5.0,15.0,5.0,17.0,10.0,12.0,1.0,10.0,0.0,,,173.9,206.1,,69.7,495.5,,,,,599.4,,0.0,T,F,,M2,,F,F,F,F,,1.7,,3.4,3.1,0.0,,4.7,,,,2.8,,1.2,1.4,,3.7,,,4.6,,0.7,,,,,,,0.5,,,,,,3.6,3.4,4.1,,,0.7,,2.8,,,0.0,,,,,,,0.0,,,,,,1.7,0.1,,,,4.8,2.0,4.5,4.5,4.6,2.9,,,1.2,,,,,,,4.0,4.6,,,,,,3.4,,0.0,,,,,,,,,,1.3,,,4.8,,,3.7,,,,,,,,,,,4.5,,4.9,,1.1,4.1,0.5,,,,1.5,,,4.1,,,,,,1.9,,,,,2.3,,,,,,,,,,,0.1,2.3,,,,,2.6,2.8,,,,,,,,,,,2.5,,,2.9,,,,,,,,,4.1,3.7,1.9,,1.3,,4.4,,0.2,0.5,,4.3,,,,,,2.2,1.2,,,0.3,,,,3.0,4.4,1.9,,,4.2,,,,,,,,3.9,2.7,,,2.4,,2.2,4.2,,3.1,,0.4,,4.5,,,,,,,,,,,,,,3.2,,4.0,3.6,,,,,,,,1.2,,,,,,,,,,3.6,,,,,,,1.9,,,4.3,,2.6,3.3,2.2,,0.3,3.1,4.8,,2.3,,4.3,2.2,,,,3.3,0.0,,,,,2.5,2.2,,0.8,,,,,1.9,,0.1,,0.7,1.4,1.7,3.2,,,,,,,,,,,,,4.0,,,,0.9,1.2,2.1,3.7,,,,1.6,,3.1,-5.0,226980.0,9.3,-34.2,39.0,10.6,,10.6,-45.2,15.2,,NotFound,-27.7,27.8,New,NotFound,,9.0,32.4,-34.5,41.9,44.7,,11.1,46.3,,,New,NotFound,NotFound,chrome 66.0 for android,-22.6,,New,F,F,T,F,mobile,NotFound
2987176,7313708,18.91,C,10851,456.1,258.1,mastercard,427.4,debit,332.6,,1036.1,,gmail.com,yahoo.com,10.0,1.0,10.0,17.0,1.0,16.0,3.0,12.0,18.0,14.0,8.0,0.0,9.0,7.0,284.4,,472.5,200.4,,,,417.6,510.8,,105.2,580.5,,,,T,F,,M1,F,F,F,F,F,,,,,,,4.0,,,1.5,3.4,,1.0,3.6,2.9,,4.1,,,3.4,,,,,1.6,,1.5,,,1.8,,,1.4,,,,4.4,,,4.3,,,1.5,3.6,,,0.1,3.6,1.4,,,,,0.7,3.5,,,,,,1.0,,,,,2.0,1.6,,1.9,0.2,,,2.7,,2.3,,2.7,,,,,,2.0,,,,,,2.2,2.9,,,,2.6,,,,,,,1.0,3.4,,,,,0.3,1.3,,,4.6,,,3.1,,,,,,,,,1.0,,4.7,,,,,,,,4.2,4.8,,,,1.4,,,,,,,1.1,,3.4,,2.1,3.5,,,,,,,1.6,,,2.5,,,,,,,,,,1.6,,,,4.2,,,,3.5,,,,,,4.3,,3.6,,,4.2,,,2.5,,,3.6,2.5,,4.9,,,4.9,,,2.4,,1.6,,1.4,1.0,,0.2,1.1,,,,1.5,,,,3.0,3.6,1.7,,,2.6,1.1,4.8,,2.1,,,2.2,,,0.7,,3.9,4.1,1.2,,,,,,3.8,4.7,,4.4,,,,,2.4,,,,,0.4,,3.7,2.3,4.3,1.9,2.1,,,0.7,,,2.9,,3.5,4.7,1.1,,0.4,,,,,,,,,,,1.7,,,,,,2.0,,3.9,,,,,,,,,,,1.3,1.3,,,,2.3,,,,,0.6,,,2.1,,,4.9,0.6,,3.4,,,,4.1,,,,1.5,3.9,,,,,,,,,,,,,,,,,,,,,,,,,,,,,,,,,,,,,,,,,,,,,
2987177,7333508,34.71,W,9337,294.5,168.5,mastercard,502.2,credit,203.9,64.3,1674.7,,hotmail.com,gmail.com,14.0,12.0,8.0,7.0,7.0,3.0,0.0,19.0,12.0,2.0,7.0,12.0,17.0,12.0,571.9,36.3,,,55.1,278.4,407.0,380.8,25.7,,,,100.0,,,F,T,,M0,F,F,,F,F,,,,2.1,,,,,,,,0.3,,2.9,,,,,4.5,,,1.4,2.4,,,1.4,,2.8,,,,3.0,,4.4,,,,,3.5,,1.5,3.2,4.5,,2.6,,2.7,,,,,,,2.4,,0.3,0.9,,,,4.5,3.3,,,4.9,0.7,4.1,,,,,,3.4,,0.0,1.8,4.6,,,,,,2.9,,1.8,,,,,,2.5,0.2,,1.3,,,,3.5,2.2,,2.9,,,0.1,3.0,,,2.4,,,0.9,,,,,,,,2.3,,,,,,,,0.5,,4.1,3.2,,,,,,,1.0,4.7,,4.6,,,,,,,,,2.8,,,0.6,,4.2,,2.2,0.4,,,,,,0.5,,,,,,,4.3,,2.2,,,,,3.6,,,,,,,,1.5,,,,,,2.5,,,,0.4,,0.9,,,,,,4.8,,,,,,2.9,3.2,,,,,3.3,,2.2,,,0.1,,0.8,,4.2,1.1,,4.7,,2.0,,,4.0,,3.9,,1.2,,,,,,,3.2,3.9,3.1,,2.8,,3.1,2.8,,,0.7,,,1.3,,0.1,,1.2,0.6,,4.1,,3.1,,,,,,,,,,,,,4.6,,,,2.4,1.9,,,,,3.2,,4.9,1.2,1.8,3.7,0.8,,,,,,,,,,,,4.3,,,3.4,0.6,,,,3.5,2.0,0.2,,,,,,,,,,,,,,0.0,,,,3.8,,2.3,,,,,,,,,,,,,,,,,,,,,,,,,,,,,,,,,,,,,,,,,,,
2987178,7366576,184.1,S,15914,501.1,318.3,visa,352.1,debit,341.3,73.4,,,gmail.com,,10.0,5.0,10.0,16.0,6.0,4.0,18.0,12.0,14.0,10.0,3.0,6.0,2.0,5.0,184.4,258.3,,376.0,23.8,,,534.3,,,365.7,285.1,246.6,590.8,541.3,,,,,T,,T,,F,,,,,2.1,0.7,3.3,2.9,,,,4.6,,,,,4.6,,,1.4,,,,3.4,,1.2,3.2,1.2,,,,,,,,,,,4.8,,,,2.2,,1.2,,3.5,,2.5,4.1,4.8,,,,3.6,,,,4.7,,,,,,,,0.4,1.6,,,,,2.1,,,,,,0.2,3.4,,,,,,,,0.8,,0.4,,,,0.2,,3.7,,,,,,,,,,,1.1,,,0.5,2.2,,,,,3.1,2.2,,,,,,3.9,,,,,,,,,,,4.4,2.4,,,,,,,,4.5,,3.7,,,0.4,,,,,,,,0.7,,,,0.6,2.2,,,,,,,,,,0.9,,,1.3,,,,,,,4.5,1.1,,0.5,,2.9,3.3,0.0,,,,1.5,,,0.7,,,3.1,,3.8,1.0,2.5,,,,3.3,,,,,,4.0,,,1.2,3.7,,,,,,,,3.6,2.4,3.2,1.2,,2.4,,,,4.3,,3.7,4.1,2.3,,2.7,,,,0.3,,,,,3.0,,,,4.6,,,,3.0,,2.9,,,2.0,,3.2,0.9,,,1.5,3.5,1.8,0.6,,,,,,3.0,2.8,,,,2.4,,2.0,,2.5,,1.7,,4.8,,,1.5,,4.3,,,,,,,3.5,,,0.5,,,1.8,2.6,,,,0.1,4.0,,,,,2.1,,,,,,,,,1.9,2.0,2.6,4.7,,,2.8,,3.6,,1.0,2.3,,,,,,,,,,,,,,,,,,,,,,,,,,,,,,,,,,,,,,,,,
2987179,7392413,43.28,R,8476,199.1,390.2,discover,540.0,credit,477.9,52.5,632.5,,yahoo.com,,2.0,15.0,9.0,17.0,12.0,10.0,17.0,15.0,6.0,11.0,3.0,6.0,2.0,17.0,257.0,16.6,,,,,,457.5,,,,,,549.4,,F,T,T,M0,T,F,,F,,,,3.1,2.0,,,,,,,0.3,,,0.8,2.0,3.7,2.2,,,,,3.5,,,2.4,,,,,0.7,,,2.0,,1.9,,,,,,,,4.0,,,,4.7,1.9,,2.7,,,3.1,,,1.7,,,,2.7,,3.7,,,,,2.4,,3.6,,,,,0.4,3.6,1.9,,1.0,,4.3,2.7,,,4.8,2.7,,2.0,,,,,3.4,,,4.8,2.9,,,1.9,4.0,,,1.0,4.1,,2.8,,2.9,,2.8,,,,,2.7,,,,,,4.3,4.8,,,,3.8,,,,,,,,0.2,4.2,4.8,2.4,1.3,,,1.0,,,,,,,0.5,,,,4.4,,,,4.3,,,0.3,,,,,,,3.1,,0.5,,,,,,0.5,3.7,,,,3.5,4.8,,,,,,,,,1.8,,,,,,4.9,,,,,,,3.7,,,,,,2.9,,,3.1,,,,,,,2.8,1.3,,,,,,,,3.9,1.6,,,,3.8,,1.7,2.9,,2.1,,,1.9,,,,,,,1.4,,,,,,1.4,,,4.4,,3.7,3.6,4.1,,2.4,,,,,,,,3.2,,,,,,,3.2,,,,4.2,,,,,,,,1.6,,,,2.5,1.2,,4.7,,,,,1.0,,,,,1.0,,2.2,4.7,,,4.0,,,,,,4.3,,,2.6,,,,,,,,,3.6,,,3.4,,3.9,3.9,,,,,,,,,,,,,,,,,,,,,,,,,,,,,,,,,,,,,,,,,,,
2987180,7399664,176.3,C,15307,510.4,265.2,,476.0,credit,,90.8,910.2,,hotmail.com,,6.0,16.0,7.0,0.0,12.0,8.0,14.0,8.0,16.0,10.0,11.0,16.0,9.0,15.0,,144.7,,281.4,,,384.6,247.7,,395.6,344.9,29.0,445.5,,142.2,,T,F,M2,T,,F,F,,5.0,,2.8,4.6,,,,1.0,2.1,,,,2.9,,,,4.4,1.9,,,,,,1.0,,,2.7,,4.4,,1.9,,,,4.6,4.5,,,4.2,,,1.3,,,2.7,,,,,,,,,4.3,,,0.2,1.0,,,,,1.4,0.2,4.4,4.6,,,,4.5,,,,2.1,2.5,,,,,,,,,,,,,,,,,,4.6,,1.8,,,0.6,,2.6,,,,,0.4,,3.7,5.0,2.6,4.0,,,,1.0,,,,,,,,,,3.1,0.6,1.8,0.9,,,,,1.0,,,3.0,,,,,4.4,,,4.0,,,,1.2,,,,,,,,,1.0,0.1,,,,3.1,,,,,,,,,,0.0,,,,,,,,,,3.0,4.6,,,2.4,,,,3.2,2.5,4.1,,2.6,,,,2.5,,,,,,,1.4,4.1,,3.4,,0.2,4.8,,,0.0,,,,,2.0,,,,,,1.9,1.1,,2.8,,,1.3,,2.5,,,,,1.9,,,4.6,,,,,1.6,,,,0.9,2.2,,,,,1.4,,,,3.8,,,,,,,,,2.4,3.8,1.8,,,,,,,,3.1,,,,,,,4.6,,3.0,,0.9,,,,,,1.1,,,,,2.0,,2.3,1.8,,,,1.1,,1.8,,,,,,,,,,,,5.0,,,,0.4,1.4,3.1,,,,,3.4,1.4,2.6,,,,,,,,,,,,,,,,,,,,,,,,,,,,,,,,,,,,,,,,,,,,,
2987181,7455148,115.54,C,16693,312.6,137.2,visa,327.9,debit,495.1,14.0,,,gmail.com,,4.0,2.0,8.0,4.0,12.0,10.0,10.0,14.0,18.0,18.0,12.0,17.0,18.0,14.0,,518.6,,,12.3,,329.2,152.9,,413.1,,316.2,51.9,380.3,365.9,,T,T,M1,F,,F,,,,,4.1,0.6,,,,,,2.7,,2.6,,0.1,,1.3,,,,,,,,,,0.2,,,3.0,,,,,4.5,,,,,,1.1,3.5,,4.9,,,,2.1,,,,5.0,,,,0.2,,,,,,3.0,,2.2,,3.5,,,2.5,,,,,,0.4,,,,3.9,1.0,,,,,,,,,,,3.8,,,,,,,,,4.9,,,,3.0,4.8,,,,,,,,2.1,1.3,,,4.5,0.6,,,0.5,,4.9,,0.7,1.5,2.3,,2.5,0.4,,,,2.7,2.3,,,,1.5,,,,,4.9,,,,,,,,,4.8,,1.6,4.4,3.3,,,,,,,,0.1,3.3,3.5,,3.4,,,,,,,,,1.9,2.7,,,,1.9,4.5,,,4.9,,1.0,0.9,,0.2,,4.1,0.2,,,4.5,,,,,3.1,,,,0.6,,,,,,,2.0,3.2,,1.0,2.9,,4.2,,,,3.7,,,,4.5,2.4,4.1,,,,,5.0,1.9,,1.5,,,,,,3.9,,,,,,,,,,,,,2.3,3.2,,4.6,,,4.7,,,,3.4,,0.8,,,,,,2.3,,,,,,0.1,3.0,0.4,1.3,,,,,3.5,,,3.6,3.4,,,,,,4.5,,,,,0.6,,,4.9,,,,,,,,,,4.5,,,3.4,,,2.7,,,1.1,,,,0.9,,,,,3.2,,0.7,1.6,0.5,,,,,,,,,,,,,,,,,,,,,,,,,,,,,,,,,,,,,,,,,
2987182,7474782,22.6,C,9547,248.4,559.8,mastercard,126.1,credit,,,,,gmail.com,gmail.com,12.0,11.0,5.0,16.0,4.0,19.0,11.0,15.0,5.0,5.0,3.0,16.0,1.0,14.0,0.0,8.2,,64.2,,456.5,182.3,93.5,,534.7,,477.8,,,0.0,F,,,M2,F,,F,T,T,,,,3.6,0.2,,,,,,2.0,,2.8,,,,,,1.1,0.6,,,,,,,1.0,,,,1.6,,1.9,1.6,2.2,3.8,,,4.4,2.8,,,3.0,4.7,,,,,,0.2,,,,0.4,,,,3.8,,,3.0,,,3.1,2.4,,,,,,,,,,,,2.5,3.5,,,,,,3.6,,,,,,2.8,,,,,,4.1,,1.0,1.1,,1.7,,,0.4,2.6,,,,,,,,,,0.8,,0.8,,1.5,,3.8,,,,,,,,1.8,2.1,,,,,3.8,,,,4.5,0.5,,,,2.8,,,,4.2,,4.0,,,,4.8,1.0,,0.6,,,,,,,,,,2.3,,,,,,,,,,,0.9,3.4,,,,4.7,,2.2,,,,4.1,2.3,2.5,,,0.4,,,,,,2.1,1.2,,0.7,4.8,2.1,,,,2.6,2.7,,,0.8,,,4.2,,2.8,,,,4.0,,1.2,,,,1.1,,2.6,,,0.2,0.9,,,,4.2,,,,3.9,,0.1,3.5,3.2,2.0,,,2.3,,0.0,1.4,,1.9,,,,,3.6,,,3.9,,,4.6,3.2,,,,0.5,1.5,4.4,,,,0.6,,4.8,,1.2,,,,,,,4.2,,,0.5,,0.7,,,,,2.2,,,,,4.0,4.9,3.7,,,1.1,0.3,1.7,,,,,,,,,,,,,,,,,,,2.9,,2.4,,0.3,2.5,,,,,,-5.0,77056.0,,,,,,,,,,NotFound,,,New,,,,,,,,,,,,,New,NotFound,,chrome 66.0 for android,,,,F,F,T,F,mobile,
2987183,7484169,13.15,S,3447,312.9,353.0,discover,229.5,debit,106.7,66.6,,,yahoo.com,,13.0,3.0,7.0,8.0,4.0,15.0,6.0,0.0,16.0,18.0,11.0,1.0,12.0,6.0,477.5,,,552.8,,,450.1,,472.6,,,,255.2,461.1,,F,,F,M0,,F,T,,F,,,,0.4,,,,,3.3,,1.9,,,,,,,1.2,,2.8,,4.9,2.9,,4.2,1.5,0.6,4.0,,2.5,2.2,4.3,,,,2.0,,,1.0,,,,1.7,,,,,,,,2.2,,,,,,,,,,,1.1,,,,3.2,,,,,,3.9,,,,,,0.6,1.6,2.9,,,,,,,,2.8,2.7,0.7,,,,,,,,,,,,4.5,,,,3.5,0.5,,,,3.4,,,,2.8,,,,,,2.7,,,,,,,4.3,,,,,,,0.8,,3.0,,,,,,1.9,,2.9,,,4.9,,1.2,,,,2.4,,,1.2,,,,2.5,,,,,,,,0.1,,,,4.3,4.8,,,,3.3,4.6,,,,,,,,,0.9,,,0.2,,,0.8,,,,,3.4,,,,0.6,,,,2.9,4.5,,3.7,0.5,,3.8,,,4.9,,,,1.9,,,5.0,,,0.0,4.2,1.7,0.7,4.3,,,3.0,2.6,,,,,,1.1,,,,,,,,,4.5,,,1.6,2.2,,,,,,,,4.8,3.9,,,,,,1.0,2.8,,2.9,3.0,,0.6,,,1.1,,,,4.0,,,,,,2.3,,,,,,,,2.3,,,,2.5,,4.6,3.6,,3.9,4.9,,4.4,,,3.6,,1.0,,,,,4.8,,,2.3,4.5,,,5.0,,,,,2.5,3.9,,,,,2.6,0.3,,,,,,,,,,,,,,,,,,,,,,,,,,,,,,,,,,,,,,,,,,,
2987184,7602445,49.09,R,14918,376.2,268.4,visa,265.7,credit,188.2,68.5,,,yahoo.com,,17.0,5.0,13.0,16.0,18.0,11.0,6.0,17.0,2.0,12.0,19.0,7.0,15.0,14.0,376.1,,542.8,,416.4,23.0,175.4,216.0,104.8,,81.2,,200.0,463.6,405.0,,T,F,M0,,,F,,F,,,,,1.9,,,2.4,,,,,0.3,,,,,,,3.6,,,3.5,,,,,,,,4.2,,,2.2,3.1,,,,0.3,,,,,,,,,,1.2,0.9,,,,,3.1,2.8,,,,,,,0.4,2.3,,,,2.5,,,,,,,0.0,,,0.3,,0.6,,4.3,1.1,,4.7,,1.8,3.1,,,1.3,0.4,3.5,,2.7,,0.1,1.9,,,,1.8,4.1,,,,,0.2,,1.0,,,,1.4,,,,,,,,0.7,,,,,,,2.1,0.6,,,,4.5,3.6,,1.0,,,,,,,,,,,0.1,2.9,,,,,,,,,,2.0,,3.4,,,,3.8,,,,,,4.4,,,,,,0.8,3.0,3.3,0.5,1.7,,,4.4,,2.2,,,,,,,4.6,3.0,1.4,,1.9,,0.1,,,0.6,,,3.2,,,,,,2.9,1.1,,1.5,1.0,,,,,,3.8,0.8,,,,,,3.4,3.2,,,,,4.9,,,,,,4.5,,2.8,,,,,3.0,,,0.4,,4.9,,5.0,,3.0,3.4,,,4.7,,0.2,1.3,,4.6,,3.8,,,0.8,3.4,,,,,,,,,,,,,,,,0.4,,,,,,1.2,,,,3.6,,0.3,,4.6,,,,,4.9,,,,,,,3.9,4.4,,5.0,,,,,,,1.9,,,,,4.9,1.4,,,2.6,2.0,,4.8,,,4.3,,,,,,,,,,,,,,,,,,,,,,,,,,,,,,,,,,,,,,,,,
2987185,7632750,26.62,R,1313,318.2,193.3,visa,434.5,debit,120.2,41.9,,,yahoo.com,,17.0,12.0,15.0,8.0,15.0,4.0,4.0,13.0,0.0,19.0,4.0,16.0,15.0,2.0,308.5,,,65.3,76.4,,404.5,,,,413.7,433.0,72.4,,,,,T,M1,T,F,,,,,,,,,,3.6,,,,1.5,,,,,,,1.1,,,2.9,1.5,,,,,,2.0,,,,,,,0.8,0.9,2.7,,,4.7,,0.2,,2.9,,,3.0,,0.7,,,,,3.4,,,,,1.2,,,,,,,2.2,,,,,0.3,,0.4,,4.7,2.9,,,,4.7,,,,,,,2.4,,,,,,1.9,,,,1.8,,,0.5,,,,2.3,1.1,,,,,,4.2,,4.9,,,4.4,,4.6,,,,,,,,,,3.9,,2.6,4.0,,,3.1,,1.7,0.7,,,,,,,3.4,,,,,,2.3,,1.9,,,5.0,3.5,,,0.4,,,,,,,,4.4,,,,,,,,,,,,,,,,,,,,,,,2.1,,,3.8,,,,,4.7,2.0,,,,,,0.3,2.6,0.3,,,,,2.0,2.7,4.5,,2.3,,1.2,0.7,,,,,,,,3.5,,,,1.2,,2.3,,,,,,,,,4.2,,,3.2,2.9,,,,,0.9,,0.9,,3.1,3.5,0.6,,,2.7,,,3.1,,,0.4,,,,,,2.9,,3.3,,,2.7,,,3.9,,,,,3.3,,4.0,,,3.2,3.5,,,,,1.9,,,,4.2,,1.2,,,1.8,,,,,,,3.9,1.4,4.4,,,,4.3,2.9,3.4,,,,,,,,,,,,3.0,,,4.7,,,,4.5,,,,,,,,,,,,,,,,,,,,,,,,,,,,,,,,,,,,,,,,
2987186,7666621,54.58,H,14683,346.1,443.2,visa,154.6,debit,412.4,,1903.2,2680.3,yahoo.com,,4.0,18.0,12.0,4.0,19.0,5.0,3.0,0.0,7.0,8.0,15.0,3.0,3.0,13.0,,,,154.3,,42.0,,238.9,82.7,155.3,,,572.0,353.9,,,T,,M0,F,F,T,,,,2.4,1.8,,,4.0,,3.6,,,3.4,,2.2,,,,,0.7,,,2.5,,,,,,,,,,,3.8,,,2.3,,,0.5,,,,4.3,1.5,,3.4,1.5,,,,1.0,,,,0.2,2.6,,,,4.4,,,,,,,,,,3.7,,,,4.3,4.5,,,,0.3,4.0,,,,,4.5,,,4.8,2.7,,4.7,,,,,,,0.4,3.1,,,4.9,2.2,2.7,2.9,,,0.6,,,,,,,3.8,,,,,,,,,,4.2,,1.7,,,,,0.7,,1.3,3.7,,,2.8,,,3.8,3.5,,,,,,,,,,,,,2.0,,,,,,3.2,,,,,2.0,,2.9,,,,,0.5,,4.7,,3.3,1.0,,,,2.7,0.1,4.9,1.6,,,,,,,1.8,,,,,,,,,2.4,,,,0.8,,,2.4,,4.2,,,4.2,,,,,,,4.7,0.4,,3.4,2.7,,1.3,,,4.2,,,2.4,1.1,,,,,,,,0.4,,,,,,,,,,,1.4,,,1.6,,,2.1,1.1,,,3.4,2.1,2.0,,,,,,3.3,,0.1,,0.9,1.1,,4.5,,4.0,0.0,,,,,4.6,0.3,1.2,2.2,0.7,2.7,5.0,,,,,,0.3,3.6,,,3.1,,1.3,3.6,2.8,2.6,,,3.3,,,,2.0,4.9,0.2,,0.5,1.0,,,,,,,,,1.7,2.6,,4.6,,2.2,,3.9,,,,,3.8,,,-45.9,32.3,10.7,32.0,-36.2,,9.0,-30.6,,,New,26.3,,New,New,-42.7,-4.5,-48.3,-12.3,14.7,19.3,Found,-25.8,3.8,-18.2,NotFound,,NotFound,Found,,-1.2,New,New,,New,,,mobile,New
2987187,7667023,41.84,H,13106,,497.3,visa,539.4,debit,464.2,36.7,2252.9,,hotmail.com,,5.0,5.0,6.0,15.0,17.0,7.0,10.0,4.0,13.0,7.0,3.0,16.0,2.0,9.0,,,515.0,,158.0,432.9,,,240.5,426.6,240.4,,,,,F,,F,,F,T,F,,F,2.4,,1.4,,,1.1,4.8,,,,,,,2.9,2.2,,,,,2.1,,,3.2,,,,,,2.8,0.7,,,,,,,,,,,,,,1.2,,3.2,,,,,,,,,,,,0.0,,,4.3,,,,,,,,1.2,,,,,,,,,,,,,,,,,,,,,2.4,1.6,2.4,,4.9,,0.1,1.3,,,3.4,2.4,,,,3.1,2.9,,3.3,3.7,,,,,,,3.6,,3.9,,1.1,,,0.1,,1.2,,,,,,,,,,,,2.3,2.9,,0.8,,,,,,,4.2,3.7,,,2.5,,,,,,1.6,4.5,,,,,,4.5,,,,,,,,,4.8,,,,,0.5,,4.7,0.6,,,,,,,,,,,0.7,,,,,1.9,,3.2,,,,,2.5,,0.5,,3.2,3.4,,3.4,,,3.0,,,,0.9,,,,4.1,,,,,,,,4.6,,2.4,0.1,,,,,,1.0,4.5,,,,1.7,,,,4.9,,,1.7,,,,2.4,,4.4,,,0.0,,,,,,,,,,,3.4,,,,1.8,,,2.0,4.0,,,3.4,,2.4,,,,0.1,1.4,4.8,,,,,,4.8,,,,,,,0.2,,,0.7,,2.7,0.3,,,,,,,2.4,,,,,,,,0.5,,,,,,,,,,,,0.6,,,,,,,,,,,,,,,,,,,,,,,,,,,,,,,,,,,,,,,,,,,
2987188,7681802,36.15,C,15292,268.6,501.9,visa,388.2,debit,415.8,84.3,63.4,,hotmail.com,,7.0,13.0,5.0,19.0,9.0,12.0,11.0,12.0,8.0,18.0,18.0,0.0,10.0,19.0,406.4,,75.0,455.6,,,,,223.7,521.6,,,523.4,143.3,,,F,T,M2,,F,T,T,,,,,,,,,,0.4,,,,,1.7,,,,,1.0,,,,4.2,1.4,2.1,,2.0,,,,,1.1,,,2.1,,1.5,,,,,,,3.5,,,4.2,,,1.6,1.1,1.3,3.3,,1.9,,,2.1,,,3.3,0.8,0.0,,2.3,,,,,,,,3.8,,,,,,,,,,,,4.0,,,0.9,2.0,,2.7,1.5,,3.5,,2.0,2.7,3.0,,,,2.0,,,1.6,,,,,0.2,,,,,,,,1.6,,,,,,,,2.3,,4.9,,,4.3,,,,2.6,,1.0,,,,4.1,4.3,,,,,2.4,,1.5,0.2,,,3.4,2.6,,,,,,,,3.8,,,,,,,1.3,,,,,,4.8,,,4.0,,,,,3.2,0.9,,,3.5,,,,,,,,0.5,,2.3,4.0,,2.7,,,,4.4,,,0.3,,,,1.4,,,,,2.2,,,2.5,,,,,,,,1.9,,1.7,,1.2,0.2,2.7,,4.7,,,,,0.1,,3.9,0.7,,,,3.5,,,3.6,,,,,,,,,,1.2,1.5,,,1.5,,1.6,4.6,0.5,0.3,,,3.2,,2.8,,0.9,0.6,,,,,,,,,,,,4.2,3.1,,1.5,,,,3.1,3.1,,,,,,,,,0.4,,,,,,,,,3.1,1.2,,,3.8,,1.2,,,,3.7,3.4,,,0.1,,,,2.7,,0.7,,,,4.4,,25.5,,-26.1,-2.6,,44.1,,,15.6,,,-33.0,15.2,,,,7.8,,-15.1,39.9,,Found,-10.1,-21.5,-39.1,Found,,Found,,NotFound,3.9,Found,,,,,NotFound,mobile,NotFound
2987189,7688914,91.57,S,11419,,306.8,mastercard,412.3,credit,112.3,36.1,,,gmail.com,,19.0,6.0,0.0,9.0,19.0,13.0,9.0,8.0,15.0,12.0,8.0,15.0,3.0,13.0,54.0,433.2,367.2,,172.9,,,139.9,246.9,361.9,,483.3,,343.3,107.4,T,F,F,,,T,F,,T,,,0.9,,4.4,,,,,,,2.3,,,,,,,3.6,,2.2,,,3.1,,1.0,,,,2.5,4.3,,,,,,,,,,,2.4,,3.4,1.0,,1.0,,0.2,,,2.3,,,,,,,,,,3.5,,,0.6,,,3.6,,,,,,0.4,3.2,,,,1.0,,,,,,,,,,,2.2,,,,,2.0,,,,0.5,,,,0.2,,,,,,,,2.5,,,,0.0,,,,,,0.8,,,,,0.7,0.2,,2.8,4.5,,,,,,,,,,1.3,2.7,4.2,,,,,,,,,4.6,,1.8,1.1,,3.5,,,,,,,,4.8,5.0,,,,3.4,,,1.0,5.0,1.3,,,,,3.8,,,4.8,,,,3.0,,,,,,,,,3.6,,,,1.5,,,,,,4.9,1.2,,,,1.3,2.2,,,2.3,4.2,,,,,4.4,,,,,,,,,,,4.1,,,1.2,2.7,,,,3.5,,,,,1.1,4.8,,3.1,,2.6,,,2.9,,,1.1,,4.0,,,,,,,,3.4,,1.7,,0.6,,,,1.4,,,,,4.0,,,,,1.5,,,,,,,,4.4,3.7,3.9,,,,,,,0.5,,4.9,,,,,,,,,,4.1,3.8,,2.7,,4.1,,,3.4,,,,,,,,4.6,,,,1.8,,2.9,,,,,,,,,,,,,,,,,,,,,,,,,,,,,,,,,,,,,,,,,,,,,
2987190,7706280,99.36,W,2260,428.2,210.4,visa,277.7,credit,110.5,20.4,,,,,15.0,9.0,17.0,5.0,0.0,6.0,2.0,19.0,13.0,10.0,15.0,1.0,16.0,8.0,,,,,,343.9,453.9,,39.5,,593.1,,,,,F,,,M1,T,,F,T,F,,,4.4,,,0.5,5.0,,,,,3.3,,,,1.9,1.5,1.2,2.6,,,4.8,,,1.8,,,,0.3,4.9,1.8,4.8,,,,,,,,,,,,1.1,,1.3,,,,,,,,,,,3.7,1.9,,,,1.2,,3.4,0.4,0.4,,2.2,,0.1,,2.1,,,,4.1,,,4.6,,,,1.0,,,4.0,0.4,1.2,,1.0,3.7,,,1.4,1.4,2.8,,,,,1.1,,,,,,,,,,,,,,,0.7,,,,,2.5,3.7,,,,,1.5,,2.2,,2.2,1.5,,0.7,,,1.3,,,,1.4,4.3,3.2,,,4.0,,,0.8,2.6,,,,,,,,,,1.7,3.7,,,,,,,4.0,2.3,3.3,,,,,,,,,,0.8,0.4,0.7,,1.8,,,,4.9,1.0,0.9,3.0,,,,,1.3,,,,,,,0.0,,1.1,,,,,1.6,0.2,2.6,,0.4,3.6,,,,,,,,,,,,,,,,,,0.8,,,1.1,,,,,,,,4.3,2.9,,,,,2.7,,,,,,0.4,,1.6,4.9,,3.5,,,,,,,,2.9,,,3.0,,,4.5,2.1,,,,3.7,,,4.0,,,0.8,,,,,,4.5,,,,1.0,,2.3,2.3,,,0.7,,,,,,1.3,0.1,1.4,,0.7,0.5,,,,,3.4,3.5,2.2,,0.6,,,,,3.9,,,,0.3,,3.0,,,1.0,0.6,,,,,,,,,,,,,,,,,,,,,,,,,,,,,,,,,,,,,,,,,,
2987191,7746102,115.68,W,9767,178.7,243.0,visa,123.0,debit,422.6,12.6,,,hotmail.com,,18.0,8.0,18.0,7.0,9.0,18.0,7.0,15.0,3.0,7.0,18.0,14.0,11.0,16.0,592.4,347.7,,,57.1,,,,336.6,,599.2,164.9,321.1,,,F,,F,M1,T,,F,F,,,4.5,,,,,,0.5,,1.6,,,,,3.8,,,1.5,,1.1,,,,3.7,4.5,2.7,,,,,2.8,,4.6,,,,,,,3.5,,,,4.3,,,,3.3,,,,,,0.0,,,,,,,2.0,1.1,,,3.1,0.8,,,1.3,,2.5,,2.3,2.8,,1.0,0.7,,3.5,,3.6,1.2,0.7,,,,0.3,,0.5,,3.4,,4.7,,,3.1,,4.2,,,,0.4,,,,,,,,,4.9,,,,,,2.2,2.3,,,1.0,,,,4.0,3.4,,,2.8,,,1.9,1.6,,,,,1.1,,0.7,,,4.8,,,,,4.8,,4.2,,,2.4,0.1,,0.9,0.7,4.7,1.6,0.2,3.9,,,,,2.7,,,,2.1,,,5.0,,1.2,3.4,,,4.8,,,1.9,,,,,,,,,4.9,1.4,,0.9,,,,,,2.2,,,,,,,2.6,,4.5,,,1.1,,,,2.8,,1.1,4.7,,0.1,,,3.3,,3.4,,1.3,,1.1,0.5,1.3,,,3.8,,,1.7,3.8,,3.7,3.8,,,1.6,,,,,,0.4,,,,,,,4.1,2.9,,,2.9,,,1.6,,,3.5,0.4,,,,,3.6,0.2,,,3.9,3.9,,,,,,0.8,,,,,3.3,,1.1,,,1.7,,,4.7,,0.7,,,,,,2.0,,0.1,3.4,3.7,,,0.1,4.3,3.6,,,,,0.4,4.1,,,0.7,,,,,,,,,2.9,,,,,,,,,,,,,,,,,,,,,,,,,,,,,,,,,,,,,,,,,,,,,,
2987192,7791142,227.58,W,3448,172.2,112.0,visa,577.5,credit,158.7,43.7,1675.4,,gmail.com,,5.0,9.0,9.0,0.0,4.0,5.0,8.0,13.0,18.0,2.0,13.0,11.0,19.0,18.0,277.1,578.7,300.6,169.3,386.3,207.1,17.6,,,,350.4,,,,,F,,,M0,,T,T,F,T,,,,,,,1.5,,,3.2,,4.8,,,,,,,1.8,,,,,0.0,,,,3.6,4.6,,,,1.2,4.4,,,,,3.7,4.3,,4.0,,,,,,,1.2,,,,,4.8,,3.1,,4.4,0.9,,,1.9,,,,,3.9,,,1.0,,,1.4,1.9,,,,,,,,2.5,0.4,,,1.9,,3.7,,1.3,,2.1,,,,,,,4.9,2.1,,,,,,,,,3.2,,,,,,,4.9,,2.3,,3.5,4.4,3.6,,1.4,,,,,,,4.7,1.8,,,,,2.1,4.0,,,,2.9,3.6,2.1,,,0.8,,2.6,,,,,,,,4.4,,,4.5,,,,2.9,,,,,,,2.6,,,,,,3.8,,,2.8,,0.8,,,3.8,,,,,1.1,4.9,,,,,,,,0.4,4.8,4.0,,,4.3,,,,,,,,,,,,,,,,,,3.2,,,4.9,,,,,,,,,3.3,,,,,,,1.8,,4.8,,,,2.8,4.7,4.2,,4.9,,,,0.7,1.9,,2.3,,,,,,,,,,,,,,,,,4.6,,,,,,,1.4,,,0.4,,,,,,,,,,2.9,,,,,1.4,,,1.3,,3.7,,5.0,,,4.2,1.4,,,1.5,4.6,,3.6,3.7,,,,,,4.8,,,,,,,,,,2.8,3.7,,,,,,,,,,,,,,,,,,,,,,,,,,,,,,,,,,,,,,,,,,,,
2987193,7802285,81.16,W,14123,443.4,274.2,discover,579.0,credit,156.8,76.7,156.4,,,,15.0,12.0,17.0,9.0,14.0,6.0,18.0,4.0,15.0,8.0,1.0,5.0,17.0,4.0,439.3,,,264.3,493.5,460.2,,190.3,153.3,152.3,193.6,533.5,554.7,,483.9,,F,T,M1,F,T,T,T,F,,,,,4.3,,,,,,,,,,,4.7,0.5,2.9,,,,,,4.2,1.6,,,3.2,0.4,,,,3.7,,,,,3.9,,,,,,,,1.0,3.2,,,,,2.6,2.9,,2.7,,,4.0,,,1.3,,,2.5,,,,,,,,3.6,,,0.2,,4.2,,3.9,,0.4,0.6,4.4,0.5,,4.1,,4.2,,,,1.7,,,,,,,,2.6,,4.9,,2.4,,,,,,,1.7,,3.0,3.8,1.6,,0.7,2.7,,3.4,,,1.5,1.8,2.5,4.6,,,0.8,,0.1,3.5,1.3,,,,4.8,1.6,0.3,,,1.7,1.4,1.0,2.6,,,,,,2.8,,,,,2.3,,,2.8,,,,,3.7,,,,2.8,,,,,2.2,,,,,2.4,,4.1,,,,,,,,,,,,4.6,2.0,4.9,,,,,,3.1,,,,,,0.9,3.1,,,,,,,0.4,0.0,,,,2.6,,,2.2,3.2,,,3.3,,,4.6,,,,,,0.0,,,,3.9,,,,4.3,,,,,,,0.9,0.7,,,,3.3,3.5,,0.5,4.7,,,,2.3,,,,,,,2.3,2.8,,,,,1.6,,1.3,,,2.6,0.6,1.8,,,,,,,,,,,,,3.0,,,,5.0,,,,4.2,,,4.1,,,,,2.6,,,,1.7,,0.7,,3.1,,,,1.4,,,,,,,,,0.5,,,,,,,30.4,16.9,37.2,-22.1,32.4,49.0,42.5,,,-19.9,-12.0,,24.9,,Found,Found,-45.3,,-49.9,-4.0,21.3,-48.1,New,-44.8,,-44.8,,Found,,Found,New,,Found,NotFound,Found,New,NotFound,New,mobile,Found
2987194,7810140,88.84,R,12401,553.1,177.4,discover,177.8,credit,471.2,45.2,,,hotmail.com,anonymous.com,7.0,7.0,7.0,16.0,13.0,2.0,7.0,17.0,15.0,7.0,12.0,13.0,10.0,13.0,,102.9,,194.4,,108.3,415.3,,,504.0,,,,137.9,422.8,T,,F,M1,T,F,F,,T,,,1.6,,,,3.5,1.6,,,3.0,4.6,,,,,,0.9,,,,,,,,,,2.2,,,,,4.9,2.9,,,,,,,,,,2.9,,0.1,,1.1,,,2.0,,,3.2,1.1,,,,,,,,,,1.2,,,0.7,3.7,2.4,,,,1.9,,1.7,,,,3.9,,2.0,,,1.1,,,,,,,,,,0.6,,,1.4,,,,,3.0,,,,,,3.9,0.5,,3.6,,4.6,4.4,,,,,,,4.6,0.8,,3.2,4.7,,,,,,,4.5,,2.8,,1.7,,,,4.9,4.4,,3.5,3.0,,0.5,,,,4.5,3.4,,,,2.6,,4.5,,4.5,,0.6,0.9,,,4.1,,,,,3.3,0.2,2.0,,,,,,,4.8,,,0.2,,,3.0,,,4.2,,,,2.8,,1.2,,,1.1,,,3.2,1.4,,,,4.3,3.7,,,,,,2.3,1.6,,,4.6,,,,,,,,,,,,,,,,,,,,,,,,3.4,,3.6,,,,,3.1,4.8,1.7,,,,,4.9,,,,,,0.1,1.5,,3.4,,4.9,0.6,,4.7,,1.2,0.6,,,,,,,,,,,0.6,2.0,,3.7,3.0,,,,2.8,,,3.5,,,,,,,,,0.2,3.5,,,,,,,,,,,,,,,4.7,,,,2.7,1.8,1.6,,4.6,3.7,,,0.3,,,,,,,2.3,,,,,,,,,,,,,,,,,,,,,,,,,,,,,,,,,,,,,,,,,
2987195,7816541,25.71,H,14324,116.0,111.9,discover,446.7,credit,302.6,70.6,,,hotmail.com,,5.0,8.0,4.0,16.0,9.0,11.0,15.0,14.0,9.0,9.0,5.0,11.0,6.0,9.0,221.5,49.8,13.3,,518.1,,501.9,,244.8,,,288.6,103.2,,543.0,,T,,M1,F,F,F,T,T,,,1.0,,1.9,0.5,,1.1,,2.8,,,,0.5,4.7,3.6,,,0.7,2.8,1.5,3.6,,1.6,3.9,2.5,,,,,,1.7,,1.2,1.7,,,,,,,,,,2.6,,,,,3.2,,,,4.5,,,,2.5,,,3.3,,1.4,,1.2,1.7,,,,,,,,,,,0.6,,,,,,,,,2.3,,,1.9,3.0,,,1.6,,,,,5.0,4.1,,,,,,,,2.3,,,,1.2,0.2,4.1,,,,,,,,,,,2.5,0.7,0.5,0.5,,,,,,5.0,,,,,,2.3,3.7,,1.7,2.7,,,,0.1,,,,,,,,,,,4.2,2.6,,3.2,,2.5,,4.3,2.0,,,,,,,,0.0,,3.2,,,,,1.6,,,,,,,,0.6,4.6,,0.9,,,,,,2.0,0.9,1.9,,,1.1,,,,,1.5,,,,,,,2.5,2.2,,,,,3.9,,,,,,,1.4,,,,,,,,2.2,,,0.9,,,4.5,,,,,,,,,,,,0.4,,,,1.3,,,,,,1.8,,,4.7,,,2.8,0.0,1.8,1.5,,,2.5,,,,,,,,,,,,,,,,1.3,,2.0,2.6,3.8,,,,,,0.6,,,,2.3,,,4.5,1.8,3.3,1.2,1.0,,0.8,,,4.3,,,,2.9,,0.1,,,,0.7,,4.0,2.5,,,1.4,4.8,4.6,,,,,,,,,,,,,,,,,,,,,,,,,,,,,,,,,,,,,,,,,,,
2987196,7853588,10.17,R,8253,464.1,415.7,visa,206.9,debit,230.0,23.9,,,hotmail.com,,7.0,15.0,2.0,19.0,10.0,0.0,4.0,18.0,13.0,17.0,5.0,16.0,6.0,1.0,,,489.5,,,,,128.6,,33.2,,12.5,,,571.3,T,T,T,,F,F,F,T,,,,4.3,,0.2,,2.5,,,0.4,,,,,,0.3,,,4.9,,,,2.0,4.9,4.6,0.4,4.4,,,,,,,,,3.7,0.2,4.9,,,4.8,,2.7,3.5,,0.5,1.2,1.8,,,,0.1,2.7,,,,,,,,,,,,,3.1,3.9,,,,,4.1,,4.0,4.5,,3.2,4.0,,1.6,,,1.3,,,,,4.8,,4.4,2.3,1.3,,4.9,,4.4,0.9,,,,,1.5,,,,1.5,5.0,3.0,,,1.7,,,,3.5,3.4,1.5,4.8,,,,,,,,,2.4,3.5,0.8,,3.6,,,,,,,,,,,,5.0,1.9,,1.9,4.4,0.3,,,,,0.5,,,,,,,,4.9,,3.0,,,2.9,,,1.1,0.8,,2.6,,,0.6,0.0,,,4.2,,,4.2,,,,,,,,,,,2.7,,4.6,3.6,,,,,0.7,,5.0,,,,,,,,0.9,,,,4.2,,,,,1.0,,,3.9,,,,,,,,3.8,,3.7,,,,,,,,1.7,0.8,1.2,,,,,,2.8,2.1,3.9,,,,,,1.5,,,,3.5,,,,2.8,,2.1,,,,,,,,,0.1,1.6,3.8,,,3.9,1.7,,,,2.3,,,,,3.2,4.8,,,,,,3.1,2.6,,1.8,,,,,1.2,,,1.7,,,,,4.7,,,2.9,2.4,,,,,,,1.3,,,0.6,,0.7,,,2.2,,,4.1,,,,,,,,,,,,,,,,,,,,,,,,,,,,,,,,,,,,,,,,,,,
2987197,7859612,31.15,S,14321,192.7,420.5,discover,283.3,credit,,84.3,1571.7,,,anonymous.com,11.0,2.0,16.0,15.0,19.0,12.0,15.0,9.0,16.0,0.0,10.0,15.0,8.0,3.0,,,,172.7,,,557.0,,,,,589.8,,,434.6,T,F,T,,T,T,,F,T,,,,4.7,2.4,2.1,,4.8,,,,,,3.8,,,,,,2.6,,,0.3,,,,,4.9,,,,,,,,3.0,,,,,,,2.3,,,,,4.3,,,,3.0,,,,,1.6,0.1,,,1.2,2.9,3.0,3.8,,,3.7,,,,,,2.1,,,,,,,,,,,,1.7,,1.0,,,3.0,3.7,,,,,,,,,4.8,1.7,3.8,,0.3,0.1,,,2.4,,4.9,2.9,,,,,,,,,,1.9,,,,,,,,,,,,,3.3,,,,,,,,2.8,1.4,4.3,5.0,,3.2,,,,,,,,4.8,,,,,,,,4.5,1.1,,,4.5,3.3,,,,,,1.7,,0.7,,,,1.2,,,2.8,,,1.8,,,,2.2,3.9,,,,,,,,1.1,,,3.2,,1.6,1.9,,,,,,,2.4,,,,3.2,3.3,,,,,,2.9,,,3.5,,,,,,3.2,,4.9,,2.9,,,1.3,4.9,,,,,,,,,2.9,,2.5,,,,,0.4,,2.9,,4.7,,2.4,1.3,0.6,,0.5,,,5.0,,1.3,,,1.7,,,,,,0.3,,,,,,0.1,,,,,,,4.4,,,,,,,,,4.9,,,4.1,,,0.1,,3.9,,4.8,,1.6,,,3.8,3.4,,,,,1.1,,1.6,3.6,,,1.2,,,1.0,1.8,,,1.7,3.5,5.0,,31.4,-6.3,-4.0,46.5,,-5.5,39.1,-21.1,,-29.8,-12.8,New,,-45.3,Found,New,,-23.1,12.2,39.8,12.8,31.6,NotFound,44.8,44.6,26.3,NotFound,Found,NotFound,NotFound,Found,2.6,New,,Found,,,,desktop,NotFound
2987198,7878316,48.11,H,14645,127.7,584.7,mastercard,510.3,debit,424.8,89.6,,,yahoo.com,,11.0,14.0,7.0,13.0,15.0,7.0,14.0,4.0,2.0,14.0,15.0,1.0,12.0,4.0,,388.0,28.9,,,208.8,,,51.2,272.5,,,257.1,,,,F,F,,T,F,,F,,,4.0,,,1.8,,,,,4.0,,,,,1.8,,,1.8,,,,,,4.2,,1.5,1.5,4.6,0.7,,,,,,2.3,3.9,4.2,,,,4.0,,,,,3.1,,,0.9,,2.8,0.5,,3.3,,1.1,,,0.5,0.7,,,,,4.2,,2.8,,3.7,0.5,,,,,,,,,,,4.2,,1.3,2.3,2.0,,,,,,0.0,,,2.9,,1.8,0.6,,,,,1.1,,4.2,,0.3,,,3.6,,,,,1.4,1.0,,0.3,,,2.2,,3.8,,,,,,,,4.2,4.4,2.5,,3.5,,1.8,,,,,4.7,1.6,,,,,3.0,,,,,,,1.5,2.1,4.5,,4.6,,3.7,,,3.6,,,,,,,,,,,,,,,,,4.1,4.2,,,,0.7,,3.4,,,,,,,,0.8,,,,,,,,,,0.1,,0.6,3.8,,2.4,,,2.0,,,,,,,2.5,0.2,3.8,1.2,0.7,1.1,3.2,,,0.0,2.7,,2.7,,,,0.9,,,,,4.4,0.8,,,,,,,,3.1,,1.2,,,1.1,,,3.7,0.9,,,3.8,,,,,4.7,,,,,2.9,,,0.7,,,,,,,,5.0,0.9,,2.9,,,,,,,,,,,4.6,,,4.8,,,,,,,,,2.9,0.9,,,,1.5,,,,0.1,,,,,4.8,,,,,0.6,,0.3,3.9,,,1.5,2.2,1.1,,,,24.7,-14.1,26.2,13.5,-34.9,15.3,-0.7,2.2,13.2,39.9,47.1,Found,,35.5,New,NotFound,44.0,23.4,-3.7,-16.1,,,,47.9,-20.4,,,Found,NotFound,NotFound,NotFound,,,New,New,NotFound,New,NotFound,mobile,
2987199,7889604,89.29,C,12387,512.6,193.7,visa,500.3,credit,289.4,16.9,,,hotmail.com,,8.0,5.0,17.0,13.0,0.0,14.0,14.0,13.0,7.0,12.0,13.0,10.0,10.0,9.0,512.9,508.6,298.8,587.1,319.2,587.0,371.4,415.8,147.4,278.5,497.5,31.0,,,,T,,F,M0,T,F,F,T,F,,,,,4.7,,0.0,1.9,2.3,0.7,4.8,0.9,,3.6,0.8,,,4.0,,,1.9,,,,,,,,2.3,,0.1,4.9,2.8,,,,,,,0.2,,,,4.6,,3.8,,,,,3.2,1.1,,,2.4,,,,4.2,,4.6,,3.6,,0.3,,3.9,1.8,3.5,,,1.4,,2.4,,,,,2.2,,,,,4.1,,,5.0,1.5,,,,,0.7,,,,,,,,,,1.6,,1.8,,2.4,,,2.3,0.7,,,,,,,,,1.0,,,,,,3.8,,,,,,0.6,,,,,,,2.1,4.2,1.6,1.0,3.9,,,2.6,,,,,,,,3.2,4.4,,,,,,2.6,3.5,,,,,,,,,,,,,2.3,0.6,,,,2.9,,,2.2,4.0,,4.7,,,,1.5,,,,,,,,,1.5,,,,1.7,,,,3.6,,,4.4,,4.9,,,2.6,0.2,,4.8,,1.7,3.1,,,,4.4,,,3.8,,,,2.6,,,,,4.9,,0.2,,,,,,,,,,0.8,,,3.9,,,4.2,0.4,4.7,4.8,,0.9,,,,,,,3.8,2.5,,,,,,,,0.3,,4.4,,4.7,,4.9,,,3.6,,3.3,,3.2,,2.0,0.2,,5.0,0.2,0.3,,,4.8,4.6,,,,,,,2.3,,,,,,0.6,0.5,,3.2,1.4,,,4.1,,1.3,,,,4.3,,,,2.3,1.1,,,,,,,,2.0,,-8.9,-15.5,-37.3,,27.3,7.8,7.0,15.8,30.2,4.7,Found,33.4,-26.6,New,New,-24.9,47.7,,,20.0,-21.6,NotFound,,-10.4,,NotFound,New,,NotFound,Found,-30.3,New,,New,New,Found,New,mobile,New
